{
    "type":  "FeatureCollection",
    "name":  "Cebu City Barangays",
    "crs":  null,
    "source":  "NAMRIA administrative boundaries, 2023-11-06; PSA PSGC snapshot",
    "source_repository":  "https://github.com/bendlikeabamboo/barangay-boundaries-repository",
    "filter":  "ADM3_PCODE = PH0702217",
    "features":  [
                     {
                         "type":  "Feature",
                         "properties":  {
                                            "ADM4_EN":  "Adlaon",
                                            "ADM4_PCODE":  "PH0702217001",
                                            "ADM4_REF":  null,
                                            "ADM3_EN":  "Cebu City (Capital)",
                                            "ADM3_PCODE":  "PH0702217",
                                            "ADM2_EN":  "Cebu",
                                            "ADM2_PCODE":  "PH07022",
                                            "ADM1_EN":  "Region VII (Central Visayas)",
                                            "ADM1_PCODE":  "PH07",
                                            "ADM0_EN":  "Philippines (the)",
                                            "ADM0_PCODE":  "PH",
                                            "date":  "2022-11-09",
                                            "validOn":  "2023-11-06",
                                            "validTo":  null,
                                            "Shape_Leng":  0.119077518331,
                                            "Shape_Area":  0.000872662691935,
                                            "AREA_SQKM":  10.5682886803,
                                            "psgc_id":  "PH0730600001",
                                            "psgc_code":  "0730600001",
                                            "psgc_name":  "Adlaon",
                                            "psgc_status":  "fuzzy",
                                            "match_confidence":  1.0,
                                            "psgc_type":  "barangay",
                                            "match_method":  "fuzzy",
                                            "sga_member":  false
                                        },
                         "geometry":  {
                                          "type":  "Polygon",
                                          "coordinates":  [
                                                              [
                                                                  [
                                                                      123.8748082730001,
                                                                      10.463768440000024
                                                                  ],
                                                                  [
                                                                      123.89513866300001,
                                                                      10.457614356000022
                                                                  ],
                                                                  [
                                                                      123.87087259000009,
                                                                      10.428014426000061
                                                                  ],
                                                                  [
                                                                      123.85532150000006,
                                                                      10.432903926000051
                                                                  ],
                                                                  [
                                                                      123.85753511700011,
                                                                      10.450837604000071
                                                                  ],
                                                                  [
                                                                      123.8748082730001,
                                                                      10.463768440000024
                                                                  ]
                                                              ]
                                                          ]
                                      }
                     },
                     {
                         "type":  "Feature",
                         "properties":  {
                                            "ADM4_EN":  "Agsungot",
                                            "ADM4_PCODE":  "PH0702217002",
                                            "ADM4_REF":  null,
                                            "ADM3_EN":  "Cebu City (Capital)",
                                            "ADM3_PCODE":  "PH0702217",
                                            "ADM2_EN":  "Cebu",
                                            "ADM2_PCODE":  "PH07022",
                                            "ADM1_EN":  "Region VII (Central Visayas)",
                                            "ADM1_PCODE":  "PH07",
                                            "ADM0_EN":  "Philippines (the)",
                                            "ADM0_PCODE":  "PH",
                                            "date":  "2022-11-09",
                                            "validOn":  "2023-11-06",
                                            "validTo":  null,
                                            "Shape_Leng":  0.0612442538712,
                                            "Shape_Area":  0.000259370247662,
                                            "AREA_SQKM":  3.14114614109,
                                            "psgc_id":  "PH0730600002",
                                            "psgc_code":  "0730600002",
                                            "psgc_name":  "Agsungot",
                                            "psgc_status":  "fuzzy",
                                            "match_confidence":  1.0,
                                            "psgc_type":  "barangay",
                                            "match_method":  "fuzzy",
                                            "sga_member":  false
                                        },
                         "geometry":  {
                                          "type":  "Polygon",
                                          "coordinates":  [
                                                              [
                                                                  [
                                                                      123.89662701100008,
                                                                      10.444713858000057
                                                                  ],
                                                                  [
                                                                      123.9109175850001,
                                                                      10.44591207600007
                                                                  ],
                                                                  [
                                                                      123.91176753500008,
                                                                      10.428967840000041
                                                                  ],
                                                                  [
                                                                      123.89889376800011,
                                                                      10.435198907000029
                                                                  ],
                                                                  [
                                                                      123.89662701100008,
                                                                      10.444713858000057
                                                                  ]
                                                              ]
                                                          ]
                                      }
                     },
                     {
                         "type":  "Feature",
                         "properties":  {
                                            "ADM4_EN":  "Apas",
                                            "ADM4_PCODE":  "PH0702217003",
                                            "ADM4_REF":  null,
                                            "ADM3_EN":  "Cebu City (Capital)",
                                            "ADM3_PCODE":  "PH0702217",
                                            "ADM2_EN":  "Cebu",
                                            "ADM2_PCODE":  "PH07022",
                                            "ADM1_EN":  "Region VII (Central Visayas)",
                                            "ADM1_PCODE":  "PH07",
                                            "ADM0_EN":  "Philippines (the)",
                                            "ADM0_PCODE":  "PH",
                                            "date":  "2022-11-09",
                                            "validOn":  "2023-11-06",
                                            "validTo":  null,
                                            "Shape_Leng":  0.0567413834982,
                                            "Shape_Area":  0.000158870316006,
                                            "AREA_SQKM":  1.92462295548,
                                            "psgc_id":  "PH0730600003",
                                            "psgc_code":  "0730600003",
                                            "psgc_name":  "Apas",
                                            "psgc_status":  "fuzzy",
                                            "match_confidence":  1.0,
                                            "psgc_type":  "barangay",
                                            "match_method":  "fuzzy",
                                            "sga_member":  false
                                        },
                         "geometry":  {
                                          "type":  "Polygon",
                                          "coordinates":  [
                                                              [
                                                                  [
                                                                      123.89506841900004,
                                                                      10.344524369000055
                                                                  ],
                                                                  [
                                                                      123.91173236700001,
                                                                      10.340192307000052
                                                                  ],
                                                                  [
                                                                      123.9096017490001,
                                                                      10.330043009000065
                                                                  ],
                                                                  [
                                                                      123.89506841900004,
                                                                      10.344524369000055
                                                                  ]
                                                              ]
                                                          ]
                                      }
                     },
                     {
                         "type":  "Feature",
                         "properties":  {
                                            "ADM4_EN":  "Babag",
                                            "ADM4_PCODE":  "PH0702217004",
                                            "ADM4_REF":  null,
                                            "ADM3_EN":  "Cebu City (Capital)",
                                            "ADM3_PCODE":  "PH0702217",
                                            "ADM2_EN":  "Cebu",
                                            "ADM2_PCODE":  "PH07022",
                                            "ADM1_EN":  "Region VII (Central Visayas)",
                                            "ADM1_PCODE":  "PH07",
                                            "ADM0_EN":  "Philippines (the)",
                                            "ADM0_PCODE":  "PH",
                                            "date":  "2022-11-09",
                                            "validOn":  "2023-11-06",
                                            "validTo":  null,
                                            "Shape_Leng":  0.127503143878,
                                            "Shape_Area":  0.000753499324805,
                                            "AREA_SQKM":  9.12730240564,
                                            "psgc_id":  "PH0730600004",
                                            "psgc_code":  "0730600004",
                                            "psgc_name":  "Babag",
                                            "psgc_status":  "fuzzy",
                                            "match_confidence":  1.0,
                                            "psgc_type":  "barangay",
                                            "match_method":  "fuzzy",
                                            "sga_member":  false
                                        },
                         "geometry":  {
                                          "type":  "Polygon",
                                          "coordinates":  [
                                                              [
                                                                  [
                                                                      123.8578026020001,
                                                                      10.389195464000068
                                                                  ],
                                                                  [
                                                                      123.86778510700003,
                                                                      10.362345755000035
                                                                  ],
                                                                  [
                                                                      123.87653608700009,
                                                                      10.360152342000049
                                                                  ],
                                                                  [
                                                                      123.84823010200012,
                                                                      10.35413903500006
                                                                  ],
                                                                  [
                                                                      123.8338726830001,
                                                                      10.38146406900006
                                                                  ],
                                                                  [
                                                                      123.8578026020001,
                                                                      10.389195464000068
                                                                  ]
                                                              ]
                                                          ]
                                      }
                     },
                     {
                         "type":  "Feature",
                         "properties":  {
                                            "ADM4_EN":  "Basak Pardo",
                                            "ADM4_PCODE":  "PH0702217005",
                                            "ADM4_REF":  null,
                                            "ADM3_EN":  "Cebu City (Capital)",
                                            "ADM3_PCODE":  "PH0702217",
                                            "ADM2_EN":  "Cebu",
                                            "ADM2_PCODE":  "PH07022",
                                            "ADM1_EN":  "Region VII (Central Visayas)",
                                            "ADM1_PCODE":  "PH07",
                                            "ADM0_EN":  "Philippines (the)",
                                            "ADM0_PCODE":  "PH",
                                            "date":  "2022-11-09",
                                            "validOn":  "2023-11-06",
                                            "validTo":  null,
                                            "Shape_Leng":  0.0962434052098,
                                            "Shape_Area":  0.000188172707245,
                                            "AREA_SQKM":  2.28002536242,
                                            "psgc_id":  "PH0730600005",
                                            "psgc_code":  "0730600005",
                                            "psgc_name":  "Basak Pardo",
                                            "psgc_status":  "fuzzy",
                                            "match_confidence":  1.0,
                                            "psgc_type":  "barangay",
                                            "match_method":  "fuzzy",
                                            "sga_member":  false
                                        },
                         "geometry":  {
                                          "type":  "Polygon",
                                          "coordinates":  [
                                                              [
                                                                  [
                                                                      123.86243805900006,
                                                                      10.292904976000045
                                                                  ],
                                                                  [
                                                                      123.87005307900006,
                                                                      10.27720690800004
                                                                  ],
                                                                  [
                                                                      123.8778086320001,
                                                                      10.285038156000041
                                                                  ],
                                                                  [
                                                                      123.88233010200008,
                                                                      10.280209060000061
                                                                  ],
                                                                  [
                                                                      123.88109505500006,
                                                                      10.268757957000048
                                                                  ],
                                                                  [
                                                                      123.86482966800008,
                                                                      10.277518887000042
                                                                  ],
                                                                  [
                                                                      123.86243805900006,
                                                                      10.292904976000045
                                                                  ]
                                                              ]
                                                          ]
                                      }
                     },
                     {
                         "type":  "Feature",
                         "properties":  {
                                            "ADM4_EN":  "Bacayan",
                                            "ADM4_PCODE":  "PH0702217006",
                                            "ADM4_REF":  null,
                                            "ADM3_EN":  "Cebu City (Capital)",
                                            "ADM3_PCODE":  "PH0702217",
                                            "ADM2_EN":  "Cebu",
                                            "ADM2_PCODE":  "PH07022",
                                            "ADM1_EN":  "Region VII (Central Visayas)",
                                            "ADM1_PCODE":  "PH07",
                                            "ADM0_EN":  "Philippines (the)",
                                            "ADM0_PCODE":  "PH",
                                            "date":  "2022-11-09",
                                            "validOn":  "2023-11-06",
                                            "validTo":  null,
                                            "Shape_Leng":  0.0522248879926,
                                            "Shape_Area":  0.00010298763571,
                                            "AREA_SQKM":  1.24746662026,
                                            "psgc_id":  "PH0730600006",
                                            "psgc_code":  "0730600006",
                                            "psgc_name":  "Bacayan",
                                            "psgc_status":  "fuzzy",
                                            "match_confidence":  1.0,
                                            "psgc_type":  "barangay",
                                            "match_method":  "fuzzy",
                                            "sga_member":  false
                                        },
                         "geometry":  {
                                          "type":  "Polygon",
                                          "coordinates":  [
                                                              [
                                                                  [
                                                                      123.91533525500006,
                                                                      10.383169973000065
                                                                  ],
                                                                  [
                                                                      123.92414590700002,
                                                                      10.389812731000063
                                                                  ],
                                                                  [
                                                                      123.92420357000003,
                                                                      10.372121352000022
                                                                  ],
                                                                  [
                                                                      123.91533525500006,
                                                                      10.383169973000065
                                                                  ]
                                                              ]
                                                          ]
                                      }
                     },
                     {
                         "type":  "Feature",
                         "properties":  {
                                            "ADM4_EN":  "Banilad",
                                            "ADM4_PCODE":  "PH0702217007",
                                            "ADM4_REF":  null,
                                            "ADM3_EN":  "Cebu City (Capital)",
                                            "ADM3_PCODE":  "PH0702217",
                                            "ADM2_EN":  "Cebu",
                                            "ADM2_PCODE":  "PH07022",
                                            "ADM1_EN":  "Region VII (Central Visayas)",
                                            "ADM1_PCODE":  "PH07",
                                            "ADM0_EN":  "Philippines (the)",
                                            "ADM0_PCODE":  "PH",
                                            "date":  "2022-11-09",
                                            "validOn":  "2023-11-06",
                                            "validTo":  null,
                                            "Shape_Leng":  0.0830595096929,
                                            "Shape_Area":  0.000194977031697,
                                            "AREA_SQKM":  2.36193207746,
                                            "psgc_id":  "PH0730600007",
                                            "psgc_code":  "0730600007",
                                            "psgc_name":  "Banilad",
                                            "psgc_status":  "fuzzy",
                                            "match_confidence":  1.0,
                                            "psgc_type":  "barangay",
                                            "match_method":  "fuzzy",
                                            "sga_member":  false
                                        },
                         "geometry":  {
                                          "type":  "Polygon",
                                          "coordinates":  [
                                                              [
                                                                  [
                                                                      123.88984630200002,
                                                                      10.365305228000068
                                                                  ],
                                                                  [
                                                                      123.91547534800009,
                                                                      10.350275815000032
                                                                  ],
                                                                  [
                                                                      123.9129345670001,
                                                                      10.339720890000024
                                                                  ],
                                                                  [
                                                                      123.88984630200002,
                                                                      10.365305228000068
                                                                  ]
                                                              ]
                                                          ]
                                      }
                     },
                     {
                         "type":  "Feature",
                         "properties":  {
                                            "ADM4_EN":  "Basak San Nicolas",
                                            "ADM4_PCODE":  "PH0702217008",
                                            "ADM4_REF":  null,
                                            "ADM3_EN":  "Cebu City (Capital)",
                                            "ADM3_PCODE":  "PH0702217",
                                            "ADM2_EN":  "Cebu",
                                            "ADM2_PCODE":  "PH07022",
                                            "ADM1_EN":  "Region VII (Central Visayas)",
                                            "ADM1_PCODE":  "PH07",
                                            "ADM0_EN":  "Philippines (the)",
                                            "ADM0_PCODE":  "PH",
                                            "date":  "2022-11-09",
                                            "validOn":  "2023-11-06",
                                            "validTo":  null,
                                            "Shape_Leng":  0.0494774313249,
                                            "Shape_Area":  0.000122349873063,
                                            "AREA_SQKM":  1.48244292603,
                                            "psgc_id":  "PH0730600008",
                                            "psgc_code":  "0730600008",
                                            "psgc_name":  "Basak San Nicolas",
                                            "psgc_status":  "fuzzy",
                                            "match_confidence":  1.0,
                                            "psgc_type":  "barangay",
                                            "match_method":  "fuzzy",
                                            "sga_member":  false
                                        },
                         "geometry":  {
                                          "type":  "Polygon",
                                          "coordinates":  [
                                                              [
                                                                  [
                                                                      123.86665481800003,
                                                                      10.292540125000073
                                                                  ],
                                                                  [
                                                                      123.87439831900008,
                                                                      10.292796131000046
                                                                  ],
                                                                  [
                                                                      123.87715005200005,
                                                                      10.28416164400005
                                                                  ],
                                                                  [
                                                                      123.87005307900006,
                                                                      10.27720690800004
                                                                  ],
                                                                  [
                                                                      123.86665481800003,
                                                                      10.292540125000073
                                                                  ]
                                                              ]
                                                          ]
                                      }
                     },
                     {
                         "type":  "Feature",
                         "properties":  {
                                            "ADM4_EN":  "Binaliw",
                                            "ADM4_PCODE":  "PH0702217010",
                                            "ADM4_REF":  null,
                                            "ADM3_EN":  "Cebu City (Capital)",
                                            "ADM3_PCODE":  "PH0702217",
                                            "ADM2_EN":  "Cebu",
                                            "ADM2_PCODE":  "PH07022",
                                            "ADM1_EN":  "Region VII (Central Visayas)",
                                            "ADM1_PCODE":  "PH07",
                                            "ADM0_EN":  "Philippines (the)",
                                            "ADM0_PCODE":  "PH",
                                            "date":  "2022-11-09",
                                            "validOn":  "2023-11-06",
                                            "validTo":  null,
                                            "Shape_Leng":  0.0919346339616,
                                            "Shape_Area":  0.00042608742155,
                                            "AREA_SQKM":  5.16048040852,
                                            "psgc_id":  "PH0730600010",
                                            "psgc_code":  "0730600010",
                                            "psgc_name":  "Binaliw",
                                            "psgc_status":  "fuzzy",
                                            "match_confidence":  1.0,
                                            "psgc_type":  "barangay",
                                            "match_method":  "fuzzy",
                                            "sga_member":  false
                                        },
                         "geometry":  {
                                          "type":  "Polygon",
                                          "coordinates":  [
                                                              [
                                                                  [
                                                                      123.92306088900011,
                                                                      10.435000130000049
                                                                  ],
                                                                  [
                                                                      123.92341573400006,
                                                                      10.410396202000072
                                                                  ],
                                                                  [
                                                                      123.9160513060001,
                                                                      10.406796554000039
                                                                  ],
                                                                  [
                                                                      123.90500698000005,
                                                                      10.412549093000052
                                                                  ],
                                                                  [
                                                                      123.90455661300007,
                                                                      10.429177023000022
                                                                  ],
                                                                  [
                                                                      123.92306088900011,
                                                                      10.435000130000049
                                                                  ]
                                                              ]
                                                          ]
                                      }
                     },
                     {
                         "type":  "Feature",
                         "properties":  {
                                            "ADM4_EN":  "Bonbon",
                                            "ADM4_PCODE":  "PH0702217011",
                                            "ADM4_REF":  null,
                                            "ADM3_EN":  "Cebu City (Capital)",
                                            "ADM3_PCODE":  "PH0702217",
                                            "ADM2_EN":  "Cebu",
                                            "ADM2_PCODE":  "PH07022",
                                            "ADM1_EN":  "Region VII (Central Visayas)",
                                            "ADM1_PCODE":  "PH07",
                                            "ADM0_EN":  "Philippines (the)",
                                            "ADM0_PCODE":  "PH",
                                            "date":  "2022-11-09",
                                            "validOn":  "2023-11-06",
                                            "validTo":  null,
                                            "Shape_Leng":  0.127479317141,
                                            "Shape_Area":  0.000770685604859,
                                            "AREA_SQKM":  9.33559563534,
                                            "psgc_id":  "PH0730600011",
                                            "psgc_code":  "0730600011",
                                            "psgc_name":  "Bonbon",
                                            "psgc_status":  "fuzzy",
                                            "match_confidence":  1.0,
                                            "psgc_type":  "barangay",
                                            "match_method":  "fuzzy",
                                            "sga_member":  false
                                        },
                         "geometry":  {
                                          "type":  "Polygon",
                                          "coordinates":  [
                                                              [
                                                                  [
                                                                      123.83596431400008,
                                                                      10.378775460000043
                                                                  ],
                                                                  [
                                                                      123.84047077800005,
                                                                      10.366180751000059
                                                                  ],
                                                                  [
                                                                      123.80009824000001,
                                                                      10.349801220000074
                                                                  ],
                                                                  [
                                                                      123.81140121500005,
                                                                      10.373780238000052
                                                                  ],
                                                                  [
                                                                      123.80615635800007,
                                                                      10.378497183000036
                                                                  ],
                                                                  [
                                                                      123.83596431400008,
                                                                      10.378775460000043
                                                                  ]
                                                              ]
                                                          ]
                                      }
                     },
                     {
                         "type":  "Feature",
                         "properties":  {
                                            "ADM4_EN":  "Budla-an (Pob.)",
                                            "ADM4_PCODE":  "PH0702217013",
                                            "ADM4_REF":  null,
                                            "ADM3_EN":  "Cebu City (Capital)",
                                            "ADM3_PCODE":  "PH0702217",
                                            "ADM2_EN":  "Cebu",
                                            "ADM2_PCODE":  "PH07022",
                                            "ADM1_EN":  "Region VII (Central Visayas)",
                                            "ADM1_PCODE":  "PH07",
                                            "ADM0_EN":  "Philippines (the)",
                                            "ADM0_PCODE":  "PH",
                                            "date":  "2022-11-09",
                                            "validOn":  "2023-11-06",
                                            "validTo":  null,
                                            "Shape_Leng":  0.10856942392,
                                            "Shape_Area":  0.000456400427841,
                                            "AREA_SQKM":  5.52841681869,
                                            "psgc_id":  "PH0730600013",
                                            "psgc_code":  "0730600013",
                                            "psgc_name":  "Budla-an",
                                            "psgc_status":  "fuzzy",
                                            "match_confidence":  1.0,
                                            "psgc_type":  "barangay",
                                            "match_method":  "fuzzy",
                                            "sga_member":  false
                                        },
                         "geometry":  {
                                          "type":  "Polygon",
                                          "coordinates":  [
                                                              [
                                                                  [
                                                                      123.8943136900001,
                                                                      10.396228991000044
                                                                  ],
                                                                  [
                                                                      123.90817561600011,
                                                                      10.366993257000047
                                                                  ],
                                                                  [
                                                                      123.90389659700008,
                                                                      10.355751454000028
                                                                  ],
                                                                  [
                                                                      123.88025508700002,
                                                                      10.378156269000044
                                                                  ],
                                                                  [
                                                                      123.8943136900001,
                                                                      10.396228991000044
                                                                  ]
                                                              ]
                                                          ]
                                      }
                     },
                     {
                         "type":  "Feature",
                         "properties":  {
                                            "ADM4_EN":  "Buhisan",
                                            "ADM4_PCODE":  "PH0702217014",
                                            "ADM4_REF":  null,
                                            "ADM3_EN":  "Cebu City (Capital)",
                                            "ADM3_PCODE":  "PH0702217",
                                            "ADM2_EN":  "Cebu",
                                            "ADM2_PCODE":  "PH07022",
                                            "ADM1_EN":  "Region VII (Central Visayas)",
                                            "ADM1_PCODE":  "PH07",
                                            "ADM0_EN":  "Philippines (the)",
                                            "ADM0_PCODE":  "PH",
                                            "date":  "2022-11-09",
                                            "validOn":  "2023-11-06",
                                            "validTo":  null,
                                            "Shape_Leng":  0.11523277081,
                                            "Shape_Area":  0.000607688645031,
                                            "AREA_SQKM":  7.36234966826,
                                            "psgc_id":  "PH0730600014",
                                            "psgc_code":  "0730600014",
                                            "psgc_name":  "Buhisan",
                                            "psgc_status":  "fuzzy",
                                            "match_confidence":  1.0,
                                            "psgc_type":  "barangay",
                                            "match_method":  "fuzzy",
                                            "sga_member":  false
                                        },
                         "geometry":  {
                                          "type":  "Polygon",
                                          "coordinates":  [
                                                              [
                                                                  [
                                                                      123.85475898800007,
                                                                      10.335862020000036
                                                                  ],
                                                                  [
                                                                      123.86156559300002,
                                                                      10.324278149000065
                                                                  ],
                                                                  [
                                                                      123.85353184500002,
                                                                      10.31344660800005
                                                                  ],
                                                                  [
                                                                      123.863914356,
                                                                      10.298744966000072
                                                                  ],
                                                                  [
                                                                      123.85200482900007,
                                                                      10.293130861000066
                                                                  ],
                                                                  [
                                                                      123.83803207000005,
                                                                      10.324643321000053
                                                                  ],
                                                                  [
                                                                      123.85475898800007,
                                                                      10.335862020000036
                                                                  ]
                                                              ]
                                                          ]
                                      }
                     },
                     {
                         "type":  "Feature",
                         "properties":  {
                                            "ADM4_EN":  "Bulacao",
                                            "ADM4_PCODE":  "PH0702217015",
                                            "ADM4_REF":  null,
                                            "ADM3_EN":  "Cebu City (Capital)",
                                            "ADM3_PCODE":  "PH0702217",
                                            "ADM2_EN":  "Cebu",
                                            "ADM2_PCODE":  "PH07022",
                                            "ADM1_EN":  "Region VII (Central Visayas)",
                                            "ADM1_PCODE":  "PH07",
                                            "ADM0_EN":  "Philippines (the)",
                                            "ADM0_PCODE":  "PH",
                                            "date":  "2022-11-09",
                                            "validOn":  "2023-11-06",
                                            "validTo":  null,
                                            "Shape_Leng":  0.101001682258,
                                            "Shape_Area":  0.000367956469729,
                                            "AREA_SQKM":  4.45830863069,
                                            "psgc_id":  "PH0730600015",
                                            "psgc_code":  "0730600015",
                                            "psgc_name":  "Bulacao",
                                            "psgc_status":  "fuzzy",
                                            "match_confidence":  1.0,
                                            "psgc_type":  "barangay",
                                            "match_method":  "fuzzy",
                                            "sga_member":  false
                                        },
                         "geometry":  {
                                          "type":  "Polygon",
                                          "coordinates":  [
                                                              [
                                                                  [
                                                                      123.8350543030001,
                                                                      10.30178627600003
                                                                  ],
                                                                  [
                                                                      123.85403802600001,
                                                                      10.277429269000038
                                                                  ],
                                                                  [
                                                                      123.85171701900003,
                                                                      10.26826705600007
                                                                  ],
                                                                  [
                                                                      123.8302957840001,
                                                                      10.284597957000074
                                                                  ],
                                                                  [
                                                                      123.82529932200009,
                                                                      10.298974650000048
                                                                  ],
                                                                  [
                                                                      123.8350543030001,
                                                                      10.30178627600003
                                                                  ]
                                                              ]
                                                          ]
                                      }
                     },
                     {
                         "type":  "Feature",
                         "properties":  {
                                            "ADM4_EN":  "Buot-Taup Pardo",
                                            "ADM4_PCODE":  "PH0702217016",
                                            "ADM4_REF":  null,
                                            "ADM3_EN":  "Cebu City (Capital)",
                                            "ADM3_PCODE":  "PH0702217",
                                            "ADM2_EN":  "Cebu",
                                            "ADM2_PCODE":  "PH07022",
                                            "ADM1_EN":  "Region VII (Central Visayas)",
                                            "ADM1_PCODE":  "PH07",
                                            "ADM0_EN":  "Philippines (the)",
                                            "ADM0_PCODE":  "PH",
                                            "date":  "2022-11-09",
                                            "validOn":  "2023-11-06",
                                            "validTo":  null,
                                            "Shape_Leng":  0.12199417374,
                                            "Shape_Area":  0.000520863396182,
                                            "AREA_SQKM":  6.3098938824,
                                            "psgc_id":  "PH0730600016",
                                            "psgc_code":  "0730600016",
                                            "psgc_name":  "Buot-Taup Pardo",
                                            "psgc_status":  "fuzzy",
                                            "match_confidence":  1.0,
                                            "psgc_type":  "barangay",
                                            "match_method":  "fuzzy",
                                            "sga_member":  false
                                        },
                         "geometry":  {
                                          "type":  "Polygon",
                                          "coordinates":  [
                                                              [
                                                                  [
                                                                      123.82078174000003,
                                                                      10.358689921000064
                                                                  ],
                                                                  [
                                                                      123.81647217500006,
                                                                      10.328072054000074
                                                                  ],
                                                                  [
                                                                      123.79161265300002,
                                                                      10.337990839000042
                                                                  ],
                                                                  [
                                                                      123.80009824000001,
                                                                      10.349801220000074
                                                                  ],
                                                                  [
                                                                      123.82078174000003,
                                                                      10.358689921000064
                                                                  ]
                                                              ]
                                                          ]
                                      }
                     },
                     {
                         "type":  "Feature",
                         "properties":  {
                                            "ADM4_EN":  "Busay (Pob.)",
                                            "ADM4_PCODE":  "PH0702217017",
                                            "ADM4_REF":  null,
                                            "ADM3_EN":  "Cebu City (Capital)",
                                            "ADM3_PCODE":  "PH0702217",
                                            "ADM2_EN":  "Cebu",
                                            "ADM2_PCODE":  "PH07022",
                                            "ADM1_EN":  "Region VII (Central Visayas)",
                                            "ADM1_PCODE":  "PH07",
                                            "ADM0_EN":  "Philippines (the)",
                                            "ADM0_PCODE":  "PH",
                                            "date":  "2022-11-09",
                                            "validOn":  "2023-11-06",
                                            "validTo":  null,
                                            "Shape_Leng":  0.131944132393,
                                            "Shape_Area":  0.000749043580343,
                                            "AREA_SQKM":  9.07366643275,
                                            "psgc_id":  "PH0730600017",
                                            "psgc_code":  "0730600017",
                                            "psgc_name":  "Busay",
                                            "psgc_status":  "fuzzy",
                                            "match_confidence":  1.0,
                                            "psgc_type":  "barangay",
                                            "match_method":  "fuzzy",
                                            "sga_member":  false
                                        },
                         "geometry":  {
                                          "type":  "Polygon",
                                          "coordinates":  [
                                                              [
                                                                  [
                                                                      123.86385314600011,
                                                                      10.372660908000057
                                                                  ],
                                                                  [
                                                                      123.88236098800007,
                                                                      10.376084422000076
                                                                  ],
                                                                  [
                                                                      123.9035999240001,
                                                                      10.347145287000046
                                                                  ],
                                                                  [
                                                                      123.87683909700002,
                                                                      10.341510067000058
                                                                  ],
                                                                  [
                                                                      123.87653608700009,
                                                                      10.360152342000049
                                                                  ],
                                                                  [
                                                                      123.86385314600011,
                                                                      10.372660908000057
                                                                  ]
                                                              ]
                                                          ]
                                      }
                     },
                     {
                         "type":  "Feature",
                         "properties":  {
                                            "ADM4_EN":  "Calamba",
                                            "ADM4_PCODE":  "PH0702217018",
                                            "ADM4_REF":  null,
                                            "ADM3_EN":  "Cebu City (Capital)",
                                            "ADM3_PCODE":  "PH0702217",
                                            "ADM2_EN":  "Cebu",
                                            "ADM2_PCODE":  "PH07022",
                                            "ADM1_EN":  "Region VII (Central Visayas)",
                                            "ADM1_PCODE":  "PH07",
                                            "ADM0_EN":  "Philippines (the)",
                                            "ADM0_PCODE":  "PH",
                                            "date":  "2022-11-09",
                                            "validOn":  "2023-11-06",
                                            "validTo":  null,
                                            "Shape_Leng":  0.0373888516462,
                                            "Shape_Area":  3.80710980124E-05,
                                            "AREA_SQKM":  0.461260816494,
                                            "psgc_id":  "PH0730600018",
                                            "psgc_code":  "0730600018",
                                            "psgc_name":  "Calamba",
                                            "psgc_status":  "fuzzy",
                                            "match_confidence":  1.0,
                                            "psgc_type":  "barangay",
                                            "match_method":  "fuzzy",
                                            "sga_member":  false
                                        },
                         "geometry":  {
                                          "type":  "Polygon",
                                          "coordinates":  [
                                                              [
                                                                  [
                                                                      123.88506568900004,
                                                                      10.298050744000022
                                                                  ],
                                                                  [
                                                                      123.88855757400006,
                                                                      10.30806709500007
                                                                  ],
                                                                  [
                                                                      123.88957180000011,
                                                                      10.297364088000052
                                                                  ],
                                                                  [
                                                                      123.88506568900004,
                                                                      10.298050744000022
                                                                  ]
                                                              ]
                                                          ]
                                      }
                     },
                     {
                         "type":  "Feature",
                         "properties":  {
                                            "ADM4_EN":  "Cambinocot",
                                            "ADM4_PCODE":  "PH0702217019",
                                            "ADM4_REF":  null,
                                            "ADM3_EN":  "Cebu City (Capital)",
                                            "ADM3_PCODE":  "PH0702217",
                                            "ADM2_EN":  "Cebu",
                                            "ADM2_PCODE":  "PH07022",
                                            "ADM1_EN":  "Region VII (Central Visayas)",
                                            "ADM1_PCODE":  "PH07",
                                            "ADM0_EN":  "Philippines (the)",
                                            "ADM0_PCODE":  "PH",
                                            "date":  "2022-11-09",
                                            "validOn":  "2023-11-06",
                                            "validTo":  null,
                                            "Shape_Leng":  0.0919351944418,
                                            "Shape_Area":  0.000446255281762,
                                            "AREA_SQKM":  5.40400368825,
                                            "psgc_id":  "PH0730600019",
                                            "psgc_code":  "0730600019",
                                            "psgc_name":  "Cambinocot",
                                            "psgc_status":  "fuzzy",
                                            "match_confidence":  1.0,
                                            "psgc_type":  "barangay",
                                            "match_method":  "fuzzy",
                                            "sga_member":  false
                                        },
                         "geometry":  {
                                          "type":  "Polygon",
                                          "coordinates":  [
                                                              [
                                                                  [
                                                                      123.90459105800005,
                                                                      10.480714496000076
                                                                  ],
                                                                  [
                                                                      123.9047063270001,
                                                                      10.448864582000056
                                                                  ],
                                                                  [
                                                                      123.88276937800003,
                                                                      10.458967201000064
                                                                  ],
                                                                  [
                                                                      123.90459105800005,
                                                                      10.480714496000076
                                                                  ]
                                                              ]
                                                          ]
                                      }
                     },
                     {
                         "type":  "Feature",
                         "properties":  {
                                            "ADM4_EN":  "Capitol Site (Pob.)",
                                            "ADM4_PCODE":  "PH0702217020",
                                            "ADM4_REF":  null,
                                            "ADM3_EN":  "Cebu City (Capital)",
                                            "ADM3_PCODE":  "PH0702217",
                                            "ADM2_EN":  "Cebu",
                                            "ADM2_PCODE":  "PH07022",
                                            "ADM1_EN":  "Region VII (Central Visayas)",
                                            "ADM1_PCODE":  "PH07",
                                            "ADM0_EN":  "Philippines (the)",
                                            "ADM0_PCODE":  "PH",
                                            "date":  "2022-11-09",
                                            "validOn":  "2023-11-06",
                                            "validTo":  null,
                                            "Shape_Leng":  0.0439088603757,
                                            "Shape_Area":  6.55588438453E-05,
                                            "AREA_SQKM":  0.79426690766,
                                            "psgc_id":  "PH0730600020",
                                            "psgc_code":  "0730600020",
                                            "psgc_name":  "Capitol Site",
                                            "psgc_status":  "fuzzy",
                                            "match_confidence":  1.0,
                                            "psgc_type":  "barangay",
                                            "match_method":  "fuzzy",
                                            "sga_member":  false
                                        },
                         "geometry":  {
                                          "type":  "Polygon",
                                          "coordinates":  [
                                                              [
                                                                  [
                                                                      123.88918548800007,
                                                                      10.32468042100004
                                                                  ],
                                                                  [
                                                                      123.89546137400009,
                                                                      10.310245574000021
                                                                  ],
                                                                  [
                                                                      123.88855757400006,
                                                                      10.30806709500007
                                                                  ],
                                                                  [
                                                                      123.88918548800007,
                                                                      10.32468042100004
                                                                  ]
                                                              ]
                                                          ]
                                      }
                     },
                     {
                         "type":  "Feature",
                         "properties":  {
                                            "ADM4_EN":  "Carreta",
                                            "ADM4_PCODE":  "PH0702217021",
                                            "ADM4_REF":  null,
                                            "ADM3_EN":  "Cebu City (Capital)",
                                            "ADM3_PCODE":  "PH0702217",
                                            "ADM2_EN":  "Cebu",
                                            "ADM2_PCODE":  "PH07022",
                                            "ADM1_EN":  "Region VII (Central Visayas)",
                                            "ADM1_PCODE":  "PH07",
                                            "ADM0_EN":  "Philippines (the)",
                                            "ADM0_PCODE":  "PH",
                                            "date":  "2022-11-09",
                                            "validOn":  "2023-11-06",
                                            "validTo":  null,
                                            "Shape_Leng":  0.0401667198943,
                                            "Shape_Area":  7.79576283177E-05,
                                            "AREA_SQKM":  0.944504335117,
                                            "psgc_id":  "PH0730600021",
                                            "psgc_code":  "0730600021",
                                            "psgc_name":  "Carreta",
                                            "psgc_status":  "fuzzy",
                                            "match_confidence":  1.0,
                                            "psgc_type":  "barangay",
                                            "match_method":  "fuzzy",
                                            "sga_member":  false
                                        },
                         "geometry":  {
                                          "type":  "Polygon",
                                          "coordinates":  [
                                                              [
                                                                  [
                                                                      123.90682994300005,
                                                                      10.308093566000025
                                                                  ],
                                                                  [
                                                                      123.92079874500007,
                                                                      10.306734322000068
                                                                  ],
                                                                  [
                                                                      123.91429223500006,
                                                                      10.30181121000004
                                                                  ],
                                                                  [
                                                                      123.90682994300005,
                                                                      10.308093566000025
                                                                  ]
                                                              ]
                                                          ]
                                      }
                     },
                     {
                         "type":  "Feature",
                         "properties":  {
                                            "ADM4_EN":  "Central (Pob.)",
                                            "ADM4_PCODE":  "PH0702217022",
                                            "ADM4_REF":  null,
                                            "ADM3_EN":  "Cebu City (Capital)",
                                            "ADM3_PCODE":  "PH0702217",
                                            "ADM2_EN":  "Cebu",
                                            "ADM2_PCODE":  "PH07022",
                                            "ADM1_EN":  "Region VII (Central Visayas)",
                                            "ADM1_PCODE":  "PH07",
                                            "ADM0_EN":  "Philippines (the)",
                                            "ADM0_PCODE":  "PH",
                                            "date":  "2022-11-09",
                                            "validOn":  "2023-11-06",
                                            "validTo":  null,
                                            "Shape_Leng":  0.0229536494917,
                                            "Shape_Area":  2.43626439175E-05,
                                            "AREA_SQKM":  0.295179979492,
                                            "psgc_id":  "PH0730600022",
                                            "psgc_code":  "0730600022",
                                            "psgc_name":  "Central",
                                            "psgc_status":  "fuzzy",
                                            "match_confidence":  1.0,
                                            "psgc_type":  "barangay",
                                            "match_method":  "fuzzy",
                                            "sga_member":  false
                                        },
                         "geometry":  {
                                          "type":  "Polygon",
                                          "coordinates":  [
                                                              [
                                                                  [
                                                                      123.89777594600002,
                                                                      10.294891992000032
                                                                  ],
                                                                  [
                                                                      123.90379558900008,
                                                                      10.296720049000044
                                                                  ],
                                                                  [
                                                                      123.90152475500008,
                                                                      10.290514600000051
                                                                  ],
                                                                  [
                                                                      123.89777594600002,
                                                                      10.294891992000032
                                                                  ]
                                                              ]
                                                          ]
                                      }
                     },
                     {
                         "type":  "Feature",
                         "properties":  {
                                            "ADM4_EN":  "Cogon Ramos (Pob.)",
                                            "ADM4_PCODE":  "PH0702217023",
                                            "ADM4_REF":  null,
                                            "ADM3_EN":  "Cebu City (Capital)",
                                            "ADM3_PCODE":  "PH0702217",
                                            "ADM2_EN":  "Cebu",
                                            "ADM2_PCODE":  "PH07022",
                                            "ADM1_EN":  "Region VII (Central Visayas)",
                                            "ADM1_PCODE":  "PH07",
                                            "ADM0_EN":  "Philippines (the)",
                                            "ADM0_PCODE":  "PH",
                                            "date":  "2022-11-09",
                                            "validOn":  "2023-11-06",
                                            "validTo":  null,
                                            "Shape_Leng":  0.0234253540615,
                                            "Shape_Area":  2.43575166187E-05,
                                            "AREA_SQKM":  0.29510604522,
                                            "psgc_id":  "PH0730600023",
                                            "psgc_code":  "0730600023",
                                            "psgc_name":  "Cogon Ramos",
                                            "psgc_status":  "fuzzy",
                                            "match_confidence":  1.0,
                                            "psgc_type":  "barangay",
                                            "match_method":  "fuzzy",
                                            "sga_member":  false
                                        },
                         "geometry":  {
                                          "type":  "Polygon",
                                          "coordinates":  [
                                                              [
                                                                  [
                                                                      123.89496075300008,
                                                                      10.309087978000036
                                                                  ],
                                                                  [
                                                                      123.90014009000004,
                                                                      10.30340232900005
                                                                  ],
                                                                  [
                                                                      123.8983122410001,
                                                                      10.302967059000025
                                                                  ],
                                                                  [
                                                                      123.89496075300008,
                                                                      10.309087978000036
                                                                  ]
                                                              ]
                                                          ]
                                      }
                     },
                     {
                         "type":  "Feature",
                         "properties":  {
                                            "ADM4_EN":  "Cogon Pardo",
                                            "ADM4_PCODE":  "PH0702217024",
                                            "ADM4_REF":  null,
                                            "ADM3_EN":  "Cebu City (Capital)",
                                            "ADM3_PCODE":  "PH0702217",
                                            "ADM2_EN":  "Cebu",
                                            "ADM2_PCODE":  "PH07022",
                                            "ADM1_EN":  "Region VII (Central Visayas)",
                                            "ADM1_PCODE":  "PH07",
                                            "ADM0_EN":  "Philippines (the)",
                                            "ADM0_PCODE":  "PH",
                                            "date":  "2022-11-09",
                                            "validOn":  "2023-11-06",
                                            "validTo":  null,
                                            "Shape_Leng":  0.0663055457918,
                                            "Shape_Area":  0.000126599243188,
                                            "AREA_SQKM":  1.53399168657,
                                            "psgc_id":  "PH0730600024",
                                            "psgc_code":  "0730600024",
                                            "psgc_name":  "Cogon Pardo",
                                            "psgc_status":  "fuzzy",
                                            "match_confidence":  1.0,
                                            "psgc_type":  "barangay",
                                            "match_method":  "fuzzy",
                                            "sga_member":  false
                                        },
                         "geometry":  {
                                          "type":  "Polygon",
                                          "coordinates":  [
                                                              [
                                                                  [
                                                                      123.85831650700004,
                                                                      10.281073024000023
                                                                  ],
                                                                  [
                                                                      123.86651873900007,
                                                                      10.275541750000059
                                                                  ],
                                                                  [
                                                                      123.88109505500006,
                                                                      10.268757957000048
                                                                  ],
                                                                  [
                                                                      123.85941803700007,
                                                                      10.27096153900004
                                                                  ],
                                                                  [
                                                                      123.85831650700004,
                                                                      10.281073024000023
                                                                  ]
                                                              ]
                                                          ]
                                      }
                     },
                     {
                         "type":  "Feature",
                         "properties":  {
                                            "ADM4_EN":  "Day-as",
                                            "ADM4_PCODE":  "PH0702217025",
                                            "ADM4_REF":  null,
                                            "ADM3_EN":  "Cebu City (Capital)",
                                            "ADM3_PCODE":  "PH0702217",
                                            "ADM2_EN":  "Cebu",
                                            "ADM2_PCODE":  "PH07022",
                                            "ADM1_EN":  "Region VII (Central Visayas)",
                                            "ADM1_PCODE":  "PH07",
                                            "ADM0_EN":  "Philippines (the)",
                                            "ADM0_PCODE":  "PH",
                                            "date":  "2022-11-09",
                                            "validOn":  "2023-11-06",
                                            "validTo":  null,
                                            "Shape_Leng":  0.0158295173037,
                                            "Shape_Area":  8.75759876536E-06,
                                            "AREA_SQKM":  0.106105521517,
                                            "psgc_id":  "PH0730600025",
                                            "psgc_code":  "0730600025",
                                            "psgc_name":  "Day-as",
                                            "psgc_status":  "fuzzy",
                                            "match_confidence":  1.0,
                                            "psgc_type":  "barangay",
                                            "match_method":  "fuzzy",
                                            "sga_member":  false
                                        },
                         "geometry":  {
                                          "type":  "Polygon",
                                          "coordinates":  [
                                                              [
                                                                  [
                                                                      123.90014009000004,
                                                                      10.30340232900005
                                                                  ],
                                                                  [
                                                                      123.9038266550001,
                                                                      10.300284488000045
                                                                  ],
                                                                  [
                                                                      123.90154593700004,
                                                                      10.30014324900003
                                                                  ],
                                                                  [
                                                                      123.90014009000004,
                                                                      10.30340232900005
                                                                  ]
                                                              ]
                                                          ]
                                      }
                     },
                     {
                         "type":  "Feature",
                         "properties":  {
                                            "ADM4_EN":  "Duljo (Pob.)",
                                            "ADM4_PCODE":  "PH0702217027",
                                            "ADM4_REF":  null,
                                            "ADM3_EN":  "Cebu City (Capital)",
                                            "ADM3_PCODE":  "PH0702217",
                                            "ADM2_EN":  "Cebu",
                                            "ADM2_PCODE":  "PH07022",
                                            "ADM1_EN":  "Region VII (Central Visayas)",
                                            "ADM1_PCODE":  "PH07",
                                            "ADM0_EN":  "Philippines (the)",
                                            "ADM0_PCODE":  "PH",
                                            "date":  "2022-11-09",
                                            "validOn":  "2023-11-06",
                                            "validTo":  null,
                                            "Shape_Leng":  0.0232161238946,
                                            "Shape_Area":  3.33126532776E-05,
                                            "AREA_SQKM":  0.403621589318,
                                            "psgc_id":  "PH0730600027",
                                            "psgc_code":  "0730600027",
                                            "psgc_name":  "Duljo",
                                            "psgc_status":  "fuzzy",
                                            "match_confidence":  1.0,
                                            "psgc_type":  "barangay",
                                            "match_method":  "fuzzy",
                                            "sga_member":  false
                                        },
                         "geometry":  {
                                          "type":  "Polygon",
                                          "coordinates":  [
                                                              [
                                                                  [
                                                                      123.88601518200005,
                                                                      10.296431507000023
                                                                  ],
                                                                  [
                                                                      123.88675950400011,
                                                                      10.290170991000025
                                                                  ],
                                                                  [
                                                                      123.88113088800003,
                                                                      10.290884757000072
                                                                  ],
                                                                  [
                                                                      123.88018692100002,
                                                                      10.293269044000056
                                                                  ],
                                                                  [
                                                                      123.88601518200005,
                                                                      10.296431507000023
                                                                  ]
                                                              ]
                                                          ]
                                      }
                     },
                     {
                         "type":  "Feature",
                         "properties":  {
                                            "ADM4_EN":  "Ermita (Pob.)",
                                            "ADM4_PCODE":  "PH0702217028",
                                            "ADM4_REF":  null,
                                            "ADM3_EN":  "Cebu City (Capital)",
                                            "ADM3_PCODE":  "PH0702217",
                                            "ADM2_EN":  "Cebu",
                                            "ADM2_PCODE":  "PH07022",
                                            "ADM1_EN":  "Region VII (Central Visayas)",
                                            "ADM1_PCODE":  "PH07",
                                            "ADM0_EN":  "Philippines (the)",
                                            "ADM0_PCODE":  "PH",
                                            "date":  "2022-11-09",
                                            "validOn":  "2023-11-06",
                                            "validTo":  null,
                                            "Shape_Leng":  0.0417757622175,
                                            "Shape_Area":  3.13331529127E-05,
                                            "AREA_SQKM":  0.379645595315,
                                            "psgc_id":  "PH0730600028",
                                            "psgc_code":  "0730600028",
                                            "psgc_name":  "Ermita",
                                            "psgc_status":  "fuzzy",
                                            "match_confidence":  1.0,
                                            "psgc_type":  "barangay",
                                            "match_method":  "fuzzy",
                                            "sga_member":  false
                                        },
                         "geometry":  {
                                          "type":  "MultiPolygon",
                                          "coordinates":  [
                                                              [
                                                                  [
                                                                      [
                                                                          123.90447998000002,
                                                                          10.274475098000039
                                                                      ],
                                                                      [
                                                                          123.90332031300011,
                                                                          10.272094727000024
                                                                      ],
                                                                      [
                                                                          123.90368652300003,
                                                                          10.274719238000046
                                                                      ],
                                                                      [
                                                                          123.90447998000002,
                                                                          10.274475098000039
                                                                      ]
                                                                  ]
                                                              ],
                                                              [
                                                                  [
                                                                      [
                                                                          123.90667724600007,
                                                                          10.279724121000072
                                                                      ],
                                                                      [
                                                                          123.90429687500011,
                                                                          10.277526856000065
                                                                      ],
                                                                      [
                                                                          123.90551757800006,
                                                                          10.280883790000075
                                                                      ],
                                                                      [
                                                                          123.90667724600007,
                                                                          10.279724121000072
                                                                      ]
                                                                  ]
                                                              ],
                                                              [
                                                                  [
                                                                      [
                                                                          123.89510058200005,
                                                                          10.293075272000067
                                                                      ],
                                                                      [
                                                                          123.90152475500008,
                                                                          10.290514600000051
                                                                      ],
                                                                      [
                                                                          123.89641936900011,
                                                                          10.288605070000074
                                                                      ],
                                                                      [
                                                                          123.89510058200005,
                                                                          10.293075272000067
                                                                      ]
                                                                  ]
                                                              ]
                                                          ]
                                      }
                     },
                     {
                         "type":  "Feature",
                         "properties":  {
                                            "ADM4_EN":  "Guadalupe",
                                            "ADM4_PCODE":  "PH0702217029",
                                            "ADM4_REF":  null,
                                            "ADM3_EN":  "Cebu City (Capital)",
                                            "ADM3_PCODE":  "PH0702217",
                                            "ADM2_EN":  "Cebu",
                                            "ADM2_PCODE":  "PH07022",
                                            "ADM1_EN":  "Region VII (Central Visayas)",
                                            "ADM1_PCODE":  "PH07",
                                            "ADM0_EN":  "Philippines (the)",
                                            "ADM0_PCODE":  "PH",
                                            "date":  "2022-11-09",
                                            "validOn":  "2023-11-06",
                                            "validTo":  null,
                                            "Shape_Leng":  0.105515748163,
                                            "Shape_Area":  0.000607867248124,
                                            "AREA_SQKM":  7.36442745421,
                                            "psgc_id":  "PH0730600029",
                                            "psgc_code":  "0730600029",
                                            "psgc_name":  "Guadalupe",
                                            "psgc_status":  "fuzzy",
                                            "match_confidence":  1.0,
                                            "psgc_type":  "barangay",
                                            "match_method":  "fuzzy",
                                            "sga_member":  false
                                        },
                         "geometry":  {
                                          "type":  "Polygon",
                                          "coordinates":  [
                                                              [
                                                                  [
                                                                      123.87516842100001,
                                                                      10.33272346700005
                                                                  ],
                                                                  [
                                                                      123.88809397300008,
                                                                      10.326869320000071
                                                                  ],
                                                                  [
                                                                      123.88855757400006,
                                                                      10.30806709500007
                                                                  ],
                                                                  [
                                                                      123.87071803000003,
                                                                      10.306347431000063
                                                                  ],
                                                                  [
                                                                      123.857067002,
                                                                      10.316580302000034
                                                                  ],
                                                                  [
                                                                      123.87516842100001,
                                                                      10.33272346700005
                                                                  ]
                                                              ]
                                                          ]
                                      }
                     },
                     {
                         "type":  "Feature",
                         "properties":  {
                                            "ADM4_EN":  "Guba",
                                            "ADM4_PCODE":  "PH0702217030",
                                            "ADM4_REF":  null,
                                            "ADM3_EN":  "Cebu City (Capital)",
                                            "ADM3_PCODE":  "PH0702217",
                                            "ADM2_EN":  "Cebu",
                                            "ADM2_PCODE":  "PH07022",
                                            "ADM1_EN":  "Region VII (Central Visayas)",
                                            "ADM1_PCODE":  "PH07",
                                            "ADM0_EN":  "Philippines (the)",
                                            "ADM0_PCODE":  "PH",
                                            "date":  "2022-11-09",
                                            "validOn":  "2023-11-06",
                                            "validTo":  null,
                                            "Shape_Leng":  0.155446336365,
                                            "Shape_Area":  0.000893507030652,
                                            "AREA_SQKM":  10.8213164355,
                                            "psgc_id":  "PH0730600030",
                                            "psgc_code":  "0730600030",
                                            "psgc_name":  "Guba",
                                            "psgc_status":  "fuzzy",
                                            "match_confidence":  1.0,
                                            "psgc_type":  "barangay",
                                            "match_method":  "fuzzy",
                                            "sga_member":  false
                                        },
                         "geometry":  {
                                          "type":  "Polygon",
                                          "coordinates":  [
                                                              [
                                                                  [
                                                                      123.89521403900005,
                                                                      10.457394604000058
                                                                  ],
                                                                  [
                                                                      123.90617055500002,
                                                                      10.415933385000073
                                                                  ],
                                                                  [
                                                                      123.89674514300009,
                                                                      10.400757958000042
                                                                  ],
                                                                  [
                                                                      123.89525153700004,
                                                                      10.411338458000046
                                                                  ],
                                                                  [
                                                                      123.86775838300002,
                                                                      10.424175300000059
                                                                  ],
                                                                  [
                                                                      123.89521403900005,
                                                                      10.457394604000058
                                                                  ]
                                                              ]
                                                          ]
                                      }
                     },
                     {
                         "type":  "Feature",
                         "properties":  {
                                            "ADM4_EN":  "Hippodromo",
                                            "ADM4_PCODE":  "PH0702217031",
                                            "ADM4_REF":  null,
                                            "ADM3_EN":  "Cebu City (Capital)",
                                            "ADM3_PCODE":  "PH0702217",
                                            "ADM2_EN":  "Cebu",
                                            "ADM2_PCODE":  "PH07022",
                                            "ADM1_EN":  "Region VII (Central Visayas)",
                                            "ADM1_PCODE":  "PH07",
                                            "ADM0_EN":  "Philippines (the)",
                                            "ADM0_PCODE":  "PH",
                                            "date":  "2022-11-09",
                                            "validOn":  "2023-11-06",
                                            "validTo":  null,
                                            "Shape_Leng":  0.0254756771395,
                                            "Shape_Area":  3.55485805821E-05,
                                            "AREA_SQKM":  0.430684905112,
                                            "psgc_id":  "PH0730600031",
                                            "psgc_code":  "0730600031",
                                            "psgc_name":  "Hippodromo",
                                            "psgc_status":  "fuzzy",
                                            "match_confidence":  1.0,
                                            "psgc_type":  "barangay",
                                            "match_method":  "fuzzy",
                                            "sga_member":  false
                                        },
                         "geometry":  {
                                          "type":  "Polygon",
                                          "coordinates":  [
                                                              [
                                                                  [
                                                                      123.90847765300009,
                                                                      10.318680117000042
                                                                  ],
                                                                  [
                                                                      123.9098731250001,
                                                                      10.311866477000024
                                                                  ],
                                                                  [
                                                                      123.90717939400008,
                                                                      10.30872529000004
                                                                  ],
                                                                  [
                                                                      123.90376539300007,
                                                                      10.313793178000026
                                                                  ],
                                                                  [
                                                                      123.90847765300009,
                                                                      10.318680117000042
                                                                  ]
                                                              ]
                                                          ]
                                      }
                     },
                     {
                         "type":  "Feature",
                         "properties":  {
                                            "ADM4_EN":  "Inayawan",
                                            "ADM4_PCODE":  "PH0702217032",
                                            "ADM4_REF":  null,
                                            "ADM3_EN":  "Cebu City (Capital)",
                                            "ADM3_PCODE":  "PH0702217",
                                            "ADM2_EN":  "Cebu",
                                            "ADM2_PCODE":  "PH07022",
                                            "ADM1_EN":  "Region VII (Central Visayas)",
                                            "ADM1_PCODE":  "PH07",
                                            "ADM0_EN":  "Philippines (the)",
                                            "ADM0_PCODE":  "PH",
                                            "date":  "2022-11-09",
                                            "validOn":  "2023-11-06",
                                            "validTo":  null,
                                            "Shape_Leng":  0.0847874606496,
                                            "Shape_Area":  0.000227220614756,
                                            "AREA_SQKM":  2.75326686247,
                                            "psgc_id":  "PH0730600032",
                                            "psgc_code":  "0730600032",
                                            "psgc_name":  "Inayawan",
                                            "psgc_status":  "fuzzy",
                                            "match_confidence":  1.0,
                                            "psgc_type":  "barangay",
                                            "match_method":  "fuzzy",
                                            "sga_member":  false
                                        },
                         "geometry":  {
                                          "type":  "Polygon",
                                          "coordinates":  [
                                                              [
                                                                  [
                                                                      123.85724438800003,
                                                                      10.276330716000075
                                                                  ],
                                                                  [
                                                                      123.87758085000007,
                                                                      10.264696138000033
                                                                  ],
                                                                  [
                                                                      123.87516837300007,
                                                                      10.258251353000048
                                                                  ],
                                                                  [
                                                                      123.85120392300007,
                                                                      10.263467814000023
                                                                  ],
                                                                  [
                                                                      123.85724438800003,
                                                                      10.276330716000075
                                                                  ]
                                                              ]
                                                          ]
                                      }
                     },
                     {
                         "type":  "Feature",
                         "properties":  {
                                            "ADM4_EN":  "Kalubihan (Pob.)",
                                            "ADM4_PCODE":  "PH0702217033",
                                            "ADM4_REF":  null,
                                            "ADM3_EN":  "Cebu City (Capital)",
                                            "ADM3_PCODE":  "PH0702217",
                                            "ADM2_EN":  "Cebu",
                                            "ADM2_PCODE":  "PH07022",
                                            "ADM1_EN":  "Region VII (Central Visayas)",
                                            "ADM1_PCODE":  "PH07",
                                            "ADM0_EN":  "Philippines (the)",
                                            "ADM0_PCODE":  "PH",
                                            "date":  "2022-11-09",
                                            "validOn":  "2023-11-06",
                                            "validTo":  null,
                                            "Shape_Leng":  0.0210875572146,
                                            "Shape_Area":  1.33195454163E-05,
                                            "AREA_SQKM":  0.161379838055,
                                            "psgc_id":  "PH0730600033",
                                            "psgc_code":  "0730600033",
                                            "psgc_name":  "Kalubihan",
                                            "psgc_status":  "fuzzy",
                                            "match_confidence":  1.0,
                                            "psgc_type":  "barangay",
                                            "match_method":  "fuzzy",
                                            "sga_member":  false
                                        },
                         "geometry":  {
                                          "type":  "Polygon",
                                          "coordinates":  [
                                                              [
                                                                  [
                                                                      123.89553445900003,
                                                                      10.29890758700003
                                                                  ],
                                                                  [
                                                                      123.9006376860001,
                                                                      10.297602465000068
                                                                  ],
                                                                  [
                                                                      123.89727563400004,
                                                                      10.293464174000064
                                                                  ],
                                                                  [
                                                                      123.89553445900003,
                                                                      10.29890758700003
                                                                  ]
                                                              ]
                                                          ]
                                      }
                     },
                     {
                         "type":  "Feature",
                         "properties":  {
                                            "ADM4_EN":  "Kalunasan",
                                            "ADM4_PCODE":  "PH0702217034",
                                            "ADM4_REF":  null,
                                            "ADM3_EN":  "Cebu City (Capital)",
                                            "ADM3_PCODE":  "PH0702217",
                                            "ADM2_EN":  "Cebu",
                                            "ADM2_PCODE":  "PH07022",
                                            "ADM1_EN":  "Region VII (Central Visayas)",
                                            "ADM1_PCODE":  "PH07",
                                            "ADM0_EN":  "Philippines (the)",
                                            "ADM0_PCODE":  "PH",
                                            "date":  "2022-11-09",
                                            "validOn":  "2023-11-06",
                                            "validTo":  null,
                                            "Shape_Leng":  0.0555291186374,
                                            "Shape_Area":  0.000117223816343,
                                            "AREA_SQKM":  1.42011840268,
                                            "psgc_id":  "PH0730600034",
                                            "psgc_code":  "0730600034",
                                            "psgc_name":  "Kalunasan",
                                            "psgc_status":  "fuzzy",
                                            "match_confidence":  1.0,
                                            "psgc_type":  "barangay",
                                            "match_method":  "fuzzy",
                                            "sga_member":  false
                                        },
                         "geometry":  {
                                          "type":  "Polygon",
                                          "coordinates":  [
                                                              [
                                                                  [
                                                                      123.875818965,
                                                                      10.340767338000035
                                                                  ],
                                                                  [
                                                                      123.88920830200004,
                                                                      10.33187706700005
                                                                  ],
                                                                  [
                                                                      123.89008769300005,
                                                                      10.324950300000069
                                                                  ],
                                                                  [
                                                                      123.87688269900002,
                                                                      10.33136709400003
                                                                  ],
                                                                  [
                                                                      123.875818965,
                                                                      10.340767338000035
                                                                  ]
                                                              ]
                                                          ]
                                      }
                     },
                     {
                         "type":  "Feature",
                         "properties":  {
                                            "ADM4_EN":  "Kamagayan (Pob.)",
                                            "ADM4_PCODE":  "PH0702217035",
                                            "ADM4_REF":  null,
                                            "ADM3_EN":  "Cebu City (Capital)",
                                            "ADM3_PCODE":  "PH0702217",
                                            "ADM2_EN":  "Cebu",
                                            "ADM2_PCODE":  "PH07022",
                                            "ADM1_EN":  "Region VII (Central Visayas)",
                                            "ADM1_PCODE":  "PH07",
                                            "ADM0_EN":  "Philippines (the)",
                                            "ADM0_PCODE":  "PH",
                                            "date":  "2022-11-09",
                                            "validOn":  "2023-11-06",
                                            "validTo":  null,
                                            "Shape_Leng":  0.0137097107013,
                                            "Shape_Area":  9.66436462606E-06,
                                            "AREA_SQKM":  0.11709257452,
                                            "psgc_id":  "PH0730600035",
                                            "psgc_code":  "0730600035",
                                            "psgc_name":  "Kamagayan",
                                            "psgc_status":  "fuzzy",
                                            "match_confidence":  1.0,
                                            "psgc_type":  "barangay",
                                            "match_method":  "fuzzy",
                                            "sga_member":  false
                                        },
                         "geometry":  {
                                          "type":  "Polygon",
                                          "coordinates":  [
                                                              [
                                                                  [
                                                                      123.89683710500003,
                                                                      10.299551476000033
                                                                  ],
                                                                  [
                                                                      123.9017953440001,
                                                                      10.299226610000062
                                                                  ],
                                                                  [
                                                                      123.89746934400011,
                                                                      10.297706421000044
                                                                  ],
                                                                  [
                                                                      123.89683710500003,
                                                                      10.299551476000033
                                                                  ]
                                                              ]
                                                          ]
                                      }
                     },
                     {
                         "type":  "Feature",
                         "properties":  {
                                            "ADM4_EN":  "Camputhaw (Pob.)",
                                            "ADM4_PCODE":  "PH0702217036",
                                            "ADM4_REF":  null,
                                            "ADM3_EN":  "Cebu City (Capital)",
                                            "ADM3_PCODE":  "PH0702217",
                                            "ADM2_EN":  "Cebu",
                                            "ADM2_PCODE":  "PH07022",
                                            "ADM1_EN":  "Region VII (Central Visayas)",
                                            "ADM1_PCODE":  "PH07",
                                            "ADM0_EN":  "Philippines (the)",
                                            "ADM0_PCODE":  "PH",
                                            "date":  "2022-11-09",
                                            "validOn":  "2023-11-06",
                                            "validTo":  null,
                                            "Shape_Leng":  0.0496280374028,
                                            "Shape_Area":  0.000100328212305,
                                            "AREA_SQKM":  1.21550553908,
                                            "psgc_id":  "PH0730600036",
                                            "psgc_code":  "0730600036",
                                            "psgc_name":  "Camputhaw",
                                            "psgc_status":  "fuzzy",
                                            "match_confidence":  1.0,
                                            "psgc_type":  "barangay",
                                            "match_method":  "fuzzy",
                                            "sga_member":  false
                                        },
                         "geometry":  {
                                          "type":  "Polygon",
                                          "coordinates":  [
                                                              [
                                                                  [
                                                                      123.89546137400009,
                                                                      10.310245574000021
                                                                  ],
                                                                  [
                                                                      123.90237023500003,
                                                                      10.32143325900006
                                                                  ],
                                                                  [
                                                                      123.90518942900007,
                                                                      10.309950300000025
                                                                  ],
                                                                  [
                                                                      123.89546137400009,
                                                                      10.310245574000021
                                                                  ]
                                                              ]
                                                          ]
                                      }
                     },
                     {
                         "type":  "Feature",
                         "properties":  {
                                            "ADM4_EN":  "Kasambagan",
                                            "ADM4_PCODE":  "PH0702217037",
                                            "ADM4_REF":  null,
                                            "ADM3_EN":  "Cebu City (Capital)",
                                            "ADM3_PCODE":  "PH0702217",
                                            "ADM2_EN":  "Cebu",
                                            "ADM2_PCODE":  "PH07022",
                                            "ADM1_EN":  "Region VII (Central Visayas)",
                                            "ADM1_PCODE":  "PH07",
                                            "ADM0_EN":  "Philippines (the)",
                                            "ADM0_PCODE":  "PH",
                                            "date":  "2022-11-09",
                                            "validOn":  "2023-11-06",
                                            "validTo":  null,
                                            "Shape_Leng":  0.0581889112908,
                                            "Shape_Area":  0.000151274723102,
                                            "AREA_SQKM":  1.83265724018,
                                            "psgc_id":  "PH0730600037",
                                            "psgc_code":  "0730600037",
                                            "psgc_name":  "Kasambagan",
                                            "psgc_status":  "fuzzy",
                                            "match_confidence":  1.0,
                                            "psgc_type":  "barangay",
                                            "match_method":  "fuzzy",
                                            "sga_member":  false
                                        },
                         "geometry":  {
                                          "type":  "Polygon",
                                          "coordinates":  [
                                                              [
                                                                  [
                                                                      123.91183704900004,
                                                                      10.340188949000037
                                                                  ],
                                                                  [
                                                                      123.9221307470001,
                                                                      10.33331382800003
                                                                  ],
                                                                  [
                                                                      123.9108789600001,
                                                                      10.320645696000042
                                                                  ],
                                                                  [
                                                                      123.90763380900012,
                                                                      10.32593104800003
                                                                  ],
                                                                  [
                                                                      123.91183704900004,
                                                                      10.340188949000037
                                                                  ]
                                                              ]
                                                          ]
                                      }
                     },
                     {
                         "type":  "Feature",
                         "properties":  {
                                            "ADM4_EN":  "Kinasang-an Pardo",
                                            "ADM4_PCODE":  "PH0702217038",
                                            "ADM4_REF":  null,
                                            "ADM3_EN":  "Cebu City (Capital)",
                                            "ADM3_PCODE":  "PH0702217",
                                            "ADM2_EN":  "Cebu",
                                            "ADM2_PCODE":  "PH07022",
                                            "ADM1_EN":  "Region VII (Central Visayas)",
                                            "ADM1_PCODE":  "PH07",
                                            "ADM0_EN":  "Philippines (the)",
                                            "ADM0_PCODE":  "PH",
                                            "date":  "2022-11-09",
                                            "validOn":  "2023-11-06",
                                            "validTo":  null,
                                            "Shape_Leng":  0.0896453654129,
                                            "Shape_Area":  0.000124580121634,
                                            "AREA_SQKM":  1.50944223069,
                                            "psgc_id":  "PH0730600038",
                                            "psgc_code":  "0730600038",
                                            "psgc_name":  "Kinasang-an Pardo",
                                            "psgc_status":  "fuzzy",
                                            "match_confidence":  1.0,
                                            "psgc_type":  "barangay",
                                            "match_method":  "fuzzy",
                                            "sga_member":  false
                                        },
                         "geometry":  {
                                          "type":  "Polygon",
                                          "coordinates":  [
                                                              [
                                                                  [
                                                                      123.84014531200012,
                                                                      10.305605778000029
                                                                  ],
                                                                  [
                                                                      123.85480811700006,
                                                                      10.287113530000056
                                                                  ],
                                                                  [
                                                                      123.86651873900007,
                                                                      10.275541750000059
                                                                  ],
                                                                  [
                                                                      123.85587912500011,
                                                                      10.28216334800004
                                                                  ],
                                                                  [
                                                                      123.84014531200012,
                                                                      10.305605778000029
                                                                  ]
                                                              ]
                                                          ]
                                      }
                     },
                     {
                         "type":  "Feature",
                         "properties":  {
                                            "ADM4_EN":  "Labangon",
                                            "ADM4_PCODE":  "PH0702217040",
                                            "ADM4_REF":  null,
                                            "ADM3_EN":  "Cebu City (Capital)",
                                            "ADM3_PCODE":  "PH0702217",
                                            "ADM2_EN":  "Cebu",
                                            "ADM2_PCODE":  "PH07022",
                                            "ADM1_EN":  "Region VII (Central Visayas)",
                                            "ADM1_PCODE":  "PH07",
                                            "ADM0_EN":  "Philippines (the)",
                                            "ADM0_PCODE":  "PH",
                                            "date":  "2022-11-09",
                                            "validOn":  "2023-11-06",
                                            "validTo":  null,
                                            "Shape_Leng":  0.0454367276861,
                                            "Shape_Area":  9.26094073014E-05,
                                            "AREA_SQKM":  1.12204111925,
                                            "psgc_id":  "PH0730600040",
                                            "psgc_code":  "0730600040",
                                            "psgc_name":  "Labangon",
                                            "psgc_status":  "fuzzy",
                                            "match_confidence":  1.0,
                                            "psgc_type":  "barangay",
                                            "match_method":  "fuzzy",
                                            "sga_member":  false
                                        },
                         "geometry":  {
                                          "type":  "Polygon",
                                          "coordinates":  [
                                                              [
                                                                  [
                                                                      123.8750946780001,
                                                                      10.305198210000071
                                                                  ],
                                                                  [
                                                                      123.88413936200004,
                                                                      10.304016274000048
                                                                  ],
                                                                  [
                                                                      123.88018692100002,
                                                                      10.293269044000056
                                                                  ],
                                                                  [
                                                                      123.8750946780001,
                                                                      10.305198210000071
                                                                  ]
                                                              ]
                                                          ]
                                      }
                     },
                     {
                         "type":  "Feature",
                         "properties":  {
                                            "ADM4_EN":  "Lahug (Pob.)",
                                            "ADM4_PCODE":  "PH0702217041",
                                            "ADM4_REF":  null,
                                            "ADM3_EN":  "Cebu City (Capital)",
                                            "ADM3_PCODE":  "PH0702217",
                                            "ADM2_EN":  "Cebu",
                                            "ADM2_PCODE":  "PH07022",
                                            "ADM1_EN":  "Region VII (Central Visayas)",
                                            "ADM1_PCODE":  "PH07",
                                            "ADM0_EN":  "Philippines (the)",
                                            "ADM0_PCODE":  "PH",
                                            "date":  "2022-11-09",
                                            "validOn":  "2023-11-06",
                                            "validTo":  null,
                                            "Shape_Leng":  0.0969126137119,
                                            "Shape_Area":  0.000349927154857,
                                            "AREA_SQKM":  4.23926425912,
                                            "psgc_id":  "PH0730600041",
                                            "psgc_code":  "0730600041",
                                            "psgc_name":  "Lahug",
                                            "psgc_status":  "fuzzy",
                                            "match_confidence":  1.0,
                                            "psgc_type":  "barangay",
                                            "match_method":  "fuzzy",
                                            "sga_member":  false
                                        },
                         "geometry":  {
                                          "type":  "Polygon",
                                          "coordinates":  [
                                                              [
                                                                  [
                                                                      123.89342099300006,
                                                                      10.345342401000039
                                                                  ],
                                                                  [
                                                                      123.9096017490001,
                                                                      10.330043009000065
                                                                  ],
                                                                  [
                                                                      123.90347806200009,
                                                                      10.319432023000047
                                                                  ],
                                                                  [
                                                                      123.89272308800003,
                                                                      10.319594313000039
                                                                  ],
                                                                  [
                                                                      123.88270034400011,
                                                                      10.342162470000062
                                                                  ],
                                                                  [
                                                                      123.89342099300006,
                                                                      10.345342401000039
                                                                  ]
                                                              ]
                                                          ]
                                      }
                     },
                     {
                         "type":  "Feature",
                         "properties":  {
                                            "ADM4_EN":  "Lorega (Lorega San Miguel)",
                                            "ADM4_PCODE":  "PH0702217042",
                                            "ADM4_REF":  null,
                                            "ADM3_EN":  "Cebu City (Capital)",
                                            "ADM3_PCODE":  "PH0702217",
                                            "ADM2_EN":  "Cebu",
                                            "ADM2_PCODE":  "PH07022",
                                            "ADM1_EN":  "Region VII (Central Visayas)",
                                            "ADM1_PCODE":  "PH07",
                                            "ADM0_EN":  "Philippines (the)",
                                            "ADM0_PCODE":  "PH",
                                            "date":  "2022-11-09",
                                            "validOn":  "2023-11-06",
                                            "validTo":  null,
                                            "Shape_Leng":  0.019033531689,
                                            "Shape_Area":  1.64770902316E-05,
                                            "AREA_SQKM":  0.199630110128,
                                            "psgc_id":  "PH0730600042",
                                            "psgc_code":  "0730600042",
                                            "psgc_name":  "Lorega",
                                            "psgc_status":  "fuzzy",
                                            "match_confidence":  1.0,
                                            "psgc_type":  "barangay",
                                            "match_method":  "fuzzy",
                                            "sga_member":  false
                                        },
                         "geometry":  {
                                          "type":  "Polygon",
                                          "coordinates":  [
                                                              [
                                                                  [
                                                                      123.90256018200012,
                                                                      10.306784956000058
                                                                  ],
                                                                  [
                                                                      123.90717939400008,
                                                                      10.30872529000004
                                                                  ],
                                                                  [
                                                                      123.90356533700003,
                                                                      10.30400714700005
                                                                  ],
                                                                  [
                                                                      123.90256018200012,
                                                                      10.306784956000058
                                                                  ]
                                                              ]
                                                          ]
                                      }
                     },
                     {
                         "type":  "Feature",
                         "properties":  {
                                            "ADM4_EN":  "Lusaran",
                                            "ADM4_PCODE":  "PH0702217043",
                                            "ADM4_REF":  null,
                                            "ADM3_EN":  "Cebu City (Capital)",
                                            "ADM3_PCODE":  "PH0702217",
                                            "ADM2_EN":  "Cebu",
                                            "ADM2_PCODE":  "PH07022",
                                            "ADM1_EN":  "Region VII (Central Visayas)",
                                            "ADM1_PCODE":  "PH07",
                                            "ADM0_EN":  "Philippines (the)",
                                            "ADM0_PCODE":  "PH",
                                            "date":  "2022-11-09",
                                            "validOn":  "2023-11-06",
                                            "validTo":  null,
                                            "Shape_Leng":  0.135490499178,
                                            "Shape_Area":  0.000925415908522,
                                            "AREA_SQKM":  11.2059957599,
                                            "psgc_id":  "PH0730600043",
                                            "psgc_code":  "0730600043",
                                            "psgc_name":  "Lusaran",
                                            "psgc_status":  "fuzzy",
                                            "match_confidence":  1.0,
                                            "psgc_type":  "barangay",
                                            "match_method":  "fuzzy",
                                            "sga_member":  false
                                        },
                         "geometry":  {
                                          "type":  "Polygon",
                                          "coordinates":  [
                                                              [
                                                                  [
                                                                      123.89027922500009,
                                                                      10.492567503000032
                                                                  ],
                                                                  [
                                                                      123.91168239300009,
                                                                      10.485650218000046
                                                                  ],
                                                                  [
                                                                      123.89173309300008,
                                                                      10.474446125000043
                                                                  ],
                                                                  [
                                                                      123.88276937800003,
                                                                      10.458967201000064
                                                                  ],
                                                                  [
                                                                      123.85644142400008,
                                                                      10.47573453900003
                                                                  ],
                                                                  [
                                                                      123.86708097300004,
                                                                      10.488325346000067
                                                                  ],
                                                                  [
                                                                      123.89027922500009,
                                                                      10.492567503000032
                                                                  ]
                                                              ]
                                                          ]
                                      }
                     },
                     {
                         "type":  "Feature",
                         "properties":  {
                                            "ADM4_EN":  "Luz",
                                            "ADM4_PCODE":  "PH0702217044",
                                            "ADM4_REF":  null,
                                            "ADM3_EN":  "Cebu City (Capital)",
                                            "ADM3_PCODE":  "PH0702217",
                                            "ADM2_EN":  "Cebu",
                                            "ADM2_PCODE":  "PH07022",
                                            "ADM1_EN":  "Region VII (Central Visayas)",
                                            "ADM1_PCODE":  "PH07",
                                            "ADM0_EN":  "Philippines (the)",
                                            "ADM0_PCODE":  "PH",
                                            "date":  "2022-11-09",
                                            "validOn":  "2023-11-06",
                                            "validTo":  null,
                                            "Shape_Leng":  0.0325498513795,
                                            "Shape_Area":  4.62429933556E-05,
                                            "AREA_SQKM":  0.560240683325,
                                            "psgc_id":  "PH0730600044",
                                            "psgc_code":  "0730600044",
                                            "psgc_name":  "Luz",
                                            "psgc_status":  "fuzzy",
                                            "match_confidence":  1.0,
                                            "psgc_type":  "barangay",
                                            "match_method":  "fuzzy",
                                            "sga_member":  false
                                        },
                         "geometry":  {
                                          "type":  "Polygon",
                                          "coordinates":  [
                                                              [
                                                                  [
                                                                      123.90827051600002,
                                                                      10.324801407000052
                                                                  ],
                                                                  [
                                                                      123.91140710500008,
                                                                      10.319638444000077
                                                                  ],
                                                                  [
                                                                      123.90423502100009,
                                                                      10.313949721000029
                                                                  ],
                                                                  [
                                                                      123.9026035390001,
                                                                      10.317724799000075
                                                                  ],
                                                                  [
                                                                      123.90827051600002,
                                                                      10.324801407000052
                                                                  ]
                                                              ]
                                                          ]
                                      }
                     },
                     {
                         "type":  "Feature",
                         "properties":  {
                                            "ADM4_EN":  "Mabini",
                                            "ADM4_PCODE":  "PH0702217045",
                                            "ADM4_REF":  null,
                                            "ADM3_EN":  "Cebu City (Capital)",
                                            "ADM3_PCODE":  "PH0702217",
                                            "ADM2_EN":  "Cebu",
                                            "ADM2_PCODE":  "PH07022",
                                            "ADM1_EN":  "Region VII (Central Visayas)",
                                            "ADM1_PCODE":  "PH07",
                                            "ADM0_EN":  "Philippines (the)",
                                            "ADM0_PCODE":  "PH",
                                            "date":  "2022-11-09",
                                            "validOn":  "2023-11-06",
                                            "validTo":  null,
                                            "Shape_Leng":  0.093353246709,
                                            "Shape_Area":  0.000463339070833,
                                            "AREA_SQKM":  5.6111064937,
                                            "psgc_id":  "PH0730600045",
                                            "psgc_code":  "0730600045",
                                            "psgc_name":  "Mabini",
                                            "psgc_status":  "fuzzy",
                                            "match_confidence":  1.0,
                                            "psgc_type":  "barangay",
                                            "match_method":  "fuzzy",
                                            "sga_member":  false
                                        },
                         "geometry":  {
                                          "type":  "Polygon",
                                          "coordinates":  [
                                                              [
                                                                  [
                                                                      123.92466289200001,
                                                                      10.466891
                                                                  ],
                                                                  [
                                                                      123.92330781400005,
                                                                      10.437007509000068
                                                                  ],
                                                                  [
                                                                      123.91377802700003,
                                                                      10.435547944000064
                                                                  ],
                                                                  [
                                                                      123.9047063270001,
                                                                      10.448864582000056
                                                                  ],
                                                                  [
                                                                      123.90752470300004,
                                                                      10.462859409000032
                                                                  ],
                                                                  [
                                                                      123.92466289200001,
                                                                      10.466891
                                                                  ]
                                                              ]
                                                          ]
                                      }
                     },
                     {
                         "type":  "Feature",
                         "properties":  {
                                            "ADM4_EN":  "Mabolo",
                                            "ADM4_PCODE":  "PH0702217046",
                                            "ADM4_REF":  null,
                                            "ADM3_EN":  "Cebu City (Capital)",
                                            "ADM3_PCODE":  "PH0702217",
                                            "ADM2_EN":  "Cebu",
                                            "ADM2_PCODE":  "PH07022",
                                            "ADM1_EN":  "Region VII (Central Visayas)",
                                            "ADM1_PCODE":  "PH07",
                                            "ADM0_EN":  "Philippines (the)",
                                            "ADM0_PCODE":  "PH",
                                            "date":  "2022-11-09",
                                            "validOn":  "2023-11-06",
                                            "validTo":  null,
                                            "Shape_Leng":  0.0749034838504,
                                            "Shape_Area":  0.000160648937919,
                                            "AREA_SQKM":  1.9463083691,
                                            "psgc_id":  "PH0730600046",
                                            "psgc_code":  "0730600046",
                                            "psgc_name":  "Mabolo",
                                            "psgc_status":  "fuzzy",
                                            "match_confidence":  1.0,
                                            "psgc_type":  "barangay",
                                            "match_method":  "fuzzy",
                                            "sga_member":  false
                                        },
                         "geometry":  {
                                          "type":  "Polygon",
                                          "coordinates":  [
                                                              [
                                                                  [
                                                                      123.92092370500006,
                                                                      10.327082090000033
                                                                  ],
                                                                  [
                                                                      123.91866213300011,
                                                                      10.314803733000076
                                                                  ],
                                                                  [
                                                                      123.9258398830001,
                                                                      10.310380561000045
                                                                  ],
                                                                  [
                                                                      123.92096916800006,
                                                                      10.306410920000076
                                                                  ],
                                                                  [
                                                                      123.9092314610001,
                                                                      10.317835807000051
                                                                  ],
                                                                  [
                                                                      123.92092370500006,
                                                                      10.327082090000033
                                                                  ]
                                                              ]
                                                          ]
                                      }
                     },
                     {
                         "type":  "Feature",
                         "properties":  {
                                            "ADM4_EN":  "Malubog",
                                            "ADM4_PCODE":  "PH0702217048",
                                            "ADM4_REF":  null,
                                            "ADM3_EN":  "Cebu City (Capital)",
                                            "ADM3_PCODE":  "PH0702217",
                                            "ADM2_EN":  "Cebu",
                                            "ADM2_PCODE":  "PH07022",
                                            "ADM1_EN":  "Region VII (Central Visayas)",
                                            "ADM1_PCODE":  "PH07",
                                            "ADM0_EN":  "Philippines (the)",
                                            "ADM0_PCODE":  "PH",
                                            "date":  "2022-11-09",
                                            "validOn":  "2023-11-06",
                                            "validTo":  null,
                                            "Shape_Leng":  0.110220774349,
                                            "Shape_Area":  0.000706348543581,
                                            "AREA_SQKM":  8.55565998851,
                                            "psgc_id":  "PH0730600048",
                                            "psgc_code":  "0730600048",
                                            "psgc_name":  "Malubog",
                                            "psgc_status":  "fuzzy",
                                            "match_confidence":  1.0,
                                            "psgc_type":  "barangay",
                                            "match_method":  "fuzzy",
                                            "sga_member":  false
                                        },
                         "geometry":  {
                                          "type":  "Polygon",
                                          "coordinates":  [
                                                              [
                                                                  [
                                                                      123.86477637700011,
                                                                      10.405027906000043
                                                                  ],
                                                                  [
                                                                      123.892154075,
                                                                      10.393136096000035
                                                                  ],
                                                                  [
                                                                      123.88025508700002,
                                                                      10.378156269000044
                                                                  ],
                                                                  [
                                                                      123.86385314600011,
                                                                      10.372660908000057
                                                                  ],
                                                                  [
                                                                      123.85874701900002,
                                                                      10.398843139000064
                                                                  ],
                                                                  [
                                                                      123.86477637700011,
                                                                      10.405027906000043
                                                                  ]
                                                              ]
                                                          ]
                                      }
                     },
                     {
                         "type":  "Feature",
                         "properties":  {
                                            "ADM4_EN":  "Mambaling",
                                            "ADM4_PCODE":  "PH0702217049",
                                            "ADM4_REF":  null,
                                            "ADM3_EN":  "Cebu City (Capital)",
                                            "ADM3_PCODE":  "PH0702217",
                                            "ADM2_EN":  "Cebu",
                                            "ADM2_PCODE":  "PH07022",
                                            "ADM1_EN":  "Region VII (Central Visayas)",
                                            "ADM1_PCODE":  "PH07",
                                            "ADM0_EN":  "Philippines (the)",
                                            "ADM0_PCODE":  "PH",
                                            "date":  "2022-11-09",
                                            "validOn":  "2023-11-06",
                                            "validTo":  null,
                                            "Shape_Leng":  0.0453555434654,
                                            "Shape_Area":  0.000103088423439,
                                            "AREA_SQKM":  1.24905673513,
                                            "psgc_id":  "PH0730600049",
                                            "psgc_code":  "0730600049",
                                            "psgc_name":  "Mambaling",
                                            "psgc_status":  "fuzzy",
                                            "match_confidence":  1.0,
                                            "psgc_type":  "barangay",
                                            "match_method":  "fuzzy",
                                            "sga_member":  false
                                        },
                         "geometry":  {
                                          "type":  "Polygon",
                                          "coordinates":  [
                                                              [
                                                                  [
                                                                      123.8742014930001,
                                                                      10.289549118000025
                                                                  ],
                                                                  [
                                                                      123.8872919910001,
                                                                      10.287564111000052
                                                                  ],
                                                                  [
                                                                      123.88233010200008,
                                                                      10.280209060000061
                                                                  ],
                                                                  [
                                                                      123.8742014930001,
                                                                      10.289549118000025
                                                                  ]
                                                              ]
                                                          ]
                                      }
                     },
                     {
                         "type":  "Feature",
                         "properties":  {
                                            "ADM4_EN":  "Pahina Central (Pob.)",
                                            "ADM4_PCODE":  "PH0702217050",
                                            "ADM4_REF":  null,
                                            "ADM3_EN":  "Cebu City (Capital)",
                                            "ADM3_PCODE":  "PH0702217",
                                            "ADM2_EN":  "Cebu",
                                            "ADM2_PCODE":  "PH07022",
                                            "ADM1_EN":  "Region VII (Central Visayas)",
                                            "ADM1_PCODE":  "PH07",
                                            "ADM0_EN":  "Philippines (the)",
                                            "ADM0_PCODE":  "PH",
                                            "date":  "2022-11-09",
                                            "validOn":  "2023-11-06",
                                            "validTo":  null,
                                            "Shape_Leng":  0.0210794508714,
                                            "Shape_Area":  2.12609475251E-05,
                                            "AREA_SQKM":  0.257598441747,
                                            "psgc_id":  "PH0730600022",
                                            "psgc_code":  "0730600022",
                                            "psgc_name":  "Central",
                                            "psgc_status":  "fuzzy",
                                            "match_confidence":  1.0,
                                            "psgc_type":  "barangay",
                                            "match_method":  "fuzzy",
                                            "sga_member":  false
                                        },
                         "geometry":  {
                                          "type":  "Polygon",
                                          "coordinates":  [
                                                              [
                                                                  [
                                                                      123.89243479900006,
                                                                      10.29834567000006
                                                                  ],
                                                                  [
                                                                      123.89628761200004,
                                                                      10.293289151000067
                                                                  ],
                                                                  [
                                                                      123.88957180000011,
                                                                      10.297364088000052
                                                                  ],
                                                                  [
                                                                      123.89243479900006,
                                                                      10.29834567000006
                                                                  ]
                                                              ]
                                                          ]
                                      }
                     },
                     {
                         "type":  "Feature",
                         "properties":  {
                                            "ADM4_EN":  "Pahina San Nicolas",
                                            "ADM4_PCODE":  "PH0702217051",
                                            "ADM4_REF":  null,
                                            "ADM3_EN":  "Cebu City (Capital)",
                                            "ADM3_PCODE":  "PH0702217",
                                            "ADM2_EN":  "Cebu",
                                            "ADM2_PCODE":  "PH07022",
                                            "ADM1_EN":  "Region VII (Central Visayas)",
                                            "ADM1_PCODE":  "PH07",
                                            "ADM0_EN":  "Philippines (the)",
                                            "ADM0_PCODE":  "PH",
                                            "date":  "2022-11-09",
                                            "validOn":  "2023-11-06",
                                            "validTo":  null,
                                            "Shape_Leng":  0.0111296835217,
                                            "Shape_Area":  6.22338400333E-06,
                                            "AREA_SQKM":  0.0754032416348,
                                            "psgc_id":  "PH0730600051",
                                            "psgc_code":  "0730600051",
                                            "psgc_name":  "Pahina San Nicolas",
                                            "psgc_status":  "fuzzy",
                                            "match_confidence":  1.0,
                                            "psgc_type":  "barangay",
                                            "match_method":  "fuzzy",
                                            "sga_member":  false
                                        },
                         "geometry":  {
                                          "type":  "Polygon",
                                          "coordinates":  [
                                                              [
                                                                  [
                                                                      123.89240809700004,
                                                                      10.29255207500006
                                                                  ],
                                                                  [
                                                                      123.89348093000001,
                                                                      10.295129559000031
                                                                  ],
                                                                  [
                                                                      123.89510058200005,
                                                                      10.293075272000067
                                                                  ],
                                                                  [
                                                                      123.89240809700004,
                                                                      10.29255207500006
                                                                  ]
                                                              ]
                                                          ]
                                      }
                     },
                     {
                         "type":  "Feature",
                         "properties":  {
                                            "ADM4_EN":  "Pamutan",
                                            "ADM4_PCODE":  "PH0702217052",
                                            "ADM4_REF":  null,
                                            "ADM3_EN":  "Cebu City (Capital)",
                                            "ADM3_PCODE":  "PH0702217",
                                            "ADM2_EN":  "Cebu",
                                            "ADM2_PCODE":  "PH07022",
                                            "ADM1_EN":  "Region VII (Central Visayas)",
                                            "ADM1_PCODE":  "PH07",
                                            "ADM0_EN":  "Philippines (the)",
                                            "ADM0_PCODE":  "PH",
                                            "date":  "2022-11-09",
                                            "validOn":  "2023-11-06",
                                            "validTo":  null,
                                            "Shape_Leng":  0.119469874412,
                                            "Shape_Area":  0.000938994877167,
                                            "AREA_SQKM":  11.3751820165,
                                            "psgc_id":  "PH0730600052",
                                            "psgc_code":  "0730600052",
                                            "psgc_name":  "Pamutan",
                                            "psgc_status":  "fuzzy",
                                            "match_confidence":  1.0,
                                            "psgc_type":  "barangay",
                                            "match_method":  "fuzzy",
                                            "sga_member":  false
                                        },
                         "geometry":  {
                                          "type":  "Polygon",
                                          "coordinates":  [
                                                              [
                                                                  [
                                                                      123.84047077800005,
                                                                      10.366180751000059
                                                                  ],
                                                                  [
                                                                      123.85423450000008,
                                                                      10.336747930000058
                                                                  ],
                                                                  [
                                                                      123.83803207000005,
                                                                      10.324643321000053
                                                                  ],
                                                                  [
                                                                      123.81754547700007,
                                                                      10.340034897000066
                                                                  ],
                                                                  [
                                                                      123.82259448800005,
                                                                      10.356478911000067
                                                                  ],
                                                                  [
                                                                      123.84047077800005,
                                                                      10.366180751000059
                                                                  ]
                                                              ]
                                                          ]
                                      }
                     },
                     {
                         "type":  "Feature",
                         "properties":  {
                                            "ADM4_EN":  "Pardo (Pob.)",
                                            "ADM4_PCODE":  "PH0702217053",
                                            "ADM4_REF":  null,
                                            "ADM3_EN":  "Cebu City (Capital)",
                                            "ADM3_PCODE":  "PH0702217",
                                            "ADM2_EN":  "Cebu",
                                            "ADM2_PCODE":  "PH07022",
                                            "ADM1_EN":  "Region VII (Central Visayas)",
                                            "ADM1_PCODE":  "PH07",
                                            "ADM0_EN":  "Philippines (the)",
                                            "ADM0_PCODE":  "PH",
                                            "date":  "2022-11-09",
                                            "validOn":  "2023-11-06",
                                            "validTo":  null,
                                            "Shape_Leng":  0.0803706115378,
                                            "Shape_Area":  0.000167928581863,
                                            "AREA_SQKM":  2.0346587071,
                                            "psgc_id":  "PH0730600005",
                                            "psgc_code":  "0730600005",
                                            "psgc_name":  "Basak Pardo",
                                            "psgc_status":  "fuzzy",
                                            "match_confidence":  1.0,
                                            "psgc_type":  "barangay",
                                            "match_method":  "fuzzy",
                                            "sga_member":  false
                                        },
                         "geometry":  {
                                          "type":  "Polygon",
                                          "coordinates":  [
                                                              [
                                                                  [
                                                                      123.84014531200012,
                                                                      10.305605778000029
                                                                  ],
                                                                  [
                                                                      123.85544021900012,
                                                                      10.274315414000057
                                                                  ],
                                                                  [
                                                                      123.83473497500006,
                                                                      10.302377395000065
                                                                  ],
                                                                  [
                                                                      123.84014531200012,
                                                                      10.305605778000029
                                                                  ]
                                                              ]
                                                          ]
                                      }
                     },
                     {
                         "type":  "Feature",
                         "properties":  {
                                            "ADM4_EN":  "Pari-an",
                                            "ADM4_PCODE":  "PH0702217054",
                                            "ADM4_REF":  null,
                                            "ADM3_EN":  "Cebu City (Capital)",
                                            "ADM3_PCODE":  "PH0702217",
                                            "ADM2_EN":  "Cebu",
                                            "ADM2_PCODE":  "PH07022",
                                            "ADM1_EN":  "Region VII (Central Visayas)",
                                            "ADM1_PCODE":  "PH07",
                                            "ADM0_EN":  "Philippines (the)",
                                            "ADM0_PCODE":  "PH",
                                            "date":  "2022-11-09",
                                            "validOn":  "2023-11-06",
                                            "validTo":  null,
                                            "Shape_Leng":  0.0128034088728,
                                            "Shape_Area":  8.03117507022E-06,
                                            "AREA_SQKM":  0.097305245477,
                                            "psgc_id":  "PH0730600054",
                                            "psgc_code":  "0730600054",
                                            "psgc_name":  "Pari-an",
                                            "psgc_status":  "fuzzy",
                                            "match_confidence":  1.0,
                                            "psgc_type":  "barangay",
                                            "match_method":  "fuzzy",
                                            "sga_member":  false
                                        },
                         "geometry":  {
                                          "type":  "Polygon",
                                          "coordinates":  [
                                                              [
                                                                  [
                                                                      123.90001085300003,
                                                                      10.298869832000037
                                                                  ],
                                                                  [
                                                                      123.9038120670001,
                                                                      10.297623386000055
                                                                  ],
                                                                  [
                                                                      123.9006376860001,
                                                                      10.297602465000068
                                                                  ],
                                                                  [
                                                                      123.90001085300003,
                                                                      10.298869832000037
                                                                  ]
                                                              ]
                                                          ]
                                      }
                     },
                     {
                         "type":  "Feature",
                         "properties":  {
                                            "ADM4_EN":  "Paril",
                                            "ADM4_PCODE":  "PH0702217055",
                                            "ADM4_REF":  null,
                                            "ADM3_EN":  "Cebu City (Capital)",
                                            "ADM3_PCODE":  "PH0702217",
                                            "ADM2_EN":  "Cebu",
                                            "ADM2_PCODE":  "PH07022",
                                            "ADM1_EN":  "Region VII (Central Visayas)",
                                            "ADM1_PCODE":  "PH07",
                                            "ADM0_EN":  "Philippines (the)",
                                            "ADM0_PCODE":  "PH",
                                            "date":  "2022-11-09",
                                            "validOn":  "2023-11-06",
                                            "validTo":  null,
                                            "Shape_Leng":  0.069192542791,
                                            "Shape_Area":  0.000266185505442,
                                            "AREA_SQKM":  3.22332720066,
                                            "psgc_id":  "PH0730600055",
                                            "psgc_code":  "0730600055",
                                            "psgc_name":  "Paril",
                                            "psgc_status":  "fuzzy",
                                            "match_confidence":  1.0,
                                            "psgc_type":  "barangay",
                                            "match_method":  "fuzzy",
                                            "sga_member":  false
                                        },
                         "geometry":  {
                                          "type":  "Polygon",
                                          "coordinates":  [
                                                              [
                                                                  [
                                                                      123.91372234200003,
                                                                      10.485117247000062
                                                                  ],
                                                                  [
                                                                      123.92521606100001,
                                                                      10.47126404100004
                                                                  ],
                                                                  [
                                                                      123.91303526800004,
                                                                      10.463791896000032
                                                                  ],
                                                                  [
                                                                      123.90459105800005,
                                                                      10.480714496000076
                                                                  ],
                                                                  [
                                                                      123.91372234200003,
                                                                      10.485117247000062
                                                                  ]
                                                              ]
                                                          ]
                                      }
                     },
                     {
                         "type":  "Feature",
                         "properties":  {
                                            "ADM4_EN":  "Pasil",
                                            "ADM4_PCODE":  "PH0702217056",
                                            "ADM4_REF":  null,
                                            "ADM3_EN":  "Cebu City (Capital)",
                                            "ADM3_PCODE":  "PH0702217",
                                            "ADM2_EN":  "Cebu",
                                            "ADM2_PCODE":  "PH07022",
                                            "ADM1_EN":  "Region VII (Central Visayas)",
                                            "ADM1_PCODE":  "PH07",
                                            "ADM0_EN":  "Philippines (the)",
                                            "ADM0_PCODE":  "PH",
                                            "date":  "2022-11-09",
                                            "validOn":  "2023-11-06",
                                            "validTo":  null,
                                            "Shape_Leng":  0.011343915978,
                                            "Shape_Area":  6.59869801551E-06,
                                            "AREA_SQKM":  0.0799513780677,
                                            "psgc_id":  "PH0730600056",
                                            "psgc_code":  "0730600056",
                                            "psgc_name":  "Pasil",
                                            "psgc_status":  "fuzzy",
                                            "match_confidence":  1.0,
                                            "psgc_type":  "barangay",
                                            "match_method":  "fuzzy",
                                            "sga_member":  false
                                        },
                         "geometry":  {
                                          "type":  "Polygon",
                                          "coordinates":  [
                                                              [
                                                                  [
                                                                      123.89390056400009,
                                                                      10.289519125000027
                                                                  ],
                                                                  [
                                                                      123.89617623700008,
                                                                      10.290215235000062
                                                                  ],
                                                                  [
                                                                      123.89633758700006,
                                                                      10.289304685000047
                                                                  ],
                                                                  [
                                                                      123.89390056400009,
                                                                      10.289519125000027
                                                                  ]
                                                              ]
                                                          ]
                                      }
                     },
                     {
                         "type":  "Feature",
                         "properties":  {
                                            "ADM4_EN":  "Pit-os",
                                            "ADM4_PCODE":  "PH0702217057",
                                            "ADM4_REF":  null,
                                            "ADM3_EN":  "Cebu City (Capital)",
                                            "ADM3_PCODE":  "PH0702217",
                                            "ADM2_EN":  "Cebu",
                                            "ADM2_PCODE":  "PH07022",
                                            "ADM1_EN":  "Region VII (Central Visayas)",
                                            "ADM1_PCODE":  "PH07",
                                            "ADM0_EN":  "Philippines (the)",
                                            "ADM0_PCODE":  "PH",
                                            "date":  "2022-11-09",
                                            "validOn":  "2023-11-06",
                                            "validTo":  null,
                                            "Shape_Leng":  0.0698928837453,
                                            "Shape_Area":  0.000136521874004,
                                            "AREA_SQKM":  1.65356772223,
                                            "psgc_id":  "PH0730600057",
                                            "psgc_code":  "0730600057",
                                            "psgc_name":  "Pit-os",
                                            "psgc_status":  "fuzzy",
                                            "match_confidence":  1.0,
                                            "psgc_type":  "barangay",
                                            "match_method":  "fuzzy",
                                            "sga_member":  false
                                        },
                         "geometry":  {
                                          "type":  "Polygon",
                                          "coordinates":  [
                                                              [
                                                                  [
                                                                      123.92247203400007,
                                                                      10.407533594000029
                                                                  ],
                                                                  [
                                                                      123.92415791000008,
                                                                      10.400812814000062
                                                                  ],
                                                                  [
                                                                      123.92414590700002,
                                                                      10.389812731000063
                                                                  ],
                                                                  [
                                                                      123.91163472700009,
                                                                      10.404966829000045
                                                                  ],
                                                                  [
                                                                      123.92247203400007,
                                                                      10.407533594000029
                                                                  ]
                                                              ]
                                                          ]
                                      }
                     },
                     {
                         "type":  "Feature",
                         "properties":  {
                                            "ADM4_EN":  "Pulangbato",
                                            "ADM4_PCODE":  "PH0702217059",
                                            "ADM4_REF":  null,
                                            "ADM3_EN":  "Cebu City (Capital)",
                                            "ADM3_PCODE":  "PH0702217",
                                            "ADM2_EN":  "Cebu",
                                            "ADM2_PCODE":  "PH07022",
                                            "ADM1_EN":  "Region VII (Central Visayas)",
                                            "ADM1_PCODE":  "PH07",
                                            "ADM0_EN":  "Philippines (the)",
                                            "ADM0_PCODE":  "PH",
                                            "date":  "2022-11-09",
                                            "validOn":  "2023-11-06",
                                            "validTo":  null,
                                            "Shape_Leng":  0.104268644555,
                                            "Shape_Area":  0.000432147859146,
                                            "AREA_SQKM":  5.23428033599,
                                            "psgc_id":  "PH0730600059",
                                            "psgc_code":  "0730600059",
                                            "psgc_name":  "Pulangbato",
                                            "psgc_status":  "fuzzy",
                                            "match_confidence":  1.0,
                                            "psgc_type":  "barangay",
                                            "match_method":  "fuzzy",
                                            "sga_member":  false
                                        },
                         "geometry":  {
                                          "type":  "Polygon",
                                          "coordinates":  [
                                                              [
                                                                  [
                                                                      123.91396203200009,
                                                                      10.40814845400007
                                                                  ],
                                                                  [
                                                                      123.92002857900002,
                                                                      10.389494027000069
                                                                  ],
                                                                  [
                                                                      123.89610687200002,
                                                                      10.383936995000056
                                                                  ],
                                                                  [
                                                                      123.89399753200007,
                                                                      10.397906817000035
                                                                  ],
                                                                  [
                                                                      123.90500698000005,
                                                                      10.412549093000052
                                                                  ],
                                                                  [
                                                                      123.91396203200009,
                                                                      10.40814845400007
                                                                  ]
                                                              ]
                                                          ]
                                      }
                     },
                     {
                         "type":  "Feature",
                         "properties":  {
                                            "ADM4_EN":  "Pung-ol-Sibugay",
                                            "ADM4_PCODE":  "PH0702217060",
                                            "ADM4_REF":  null,
                                            "ADM3_EN":  "Cebu City (Capital)",
                                            "ADM3_PCODE":  "PH0702217",
                                            "ADM2_EN":  "Cebu",
                                            "ADM2_PCODE":  "PH07022",
                                            "ADM1_EN":  "Region VII (Central Visayas)",
                                            "ADM1_PCODE":  "PH07",
                                            "ADM0_EN":  "Philippines (the)",
                                            "ADM0_PCODE":  "PH",
                                            "date":  "2022-11-09",
                                            "validOn":  "2023-11-06",
                                            "validTo":  null,
                                            "Shape_Leng":  0.159923780109,
                                            "Shape_Area":  0.00120673834559,
                                            "AREA_SQKM":  14.6163472525,
                                            "psgc_id":  "PH0730600060",
                                            "psgc_code":  "0730600060",
                                            "psgc_name":  "Pung-ol-Sibugay",
                                            "psgc_status":  "fuzzy",
                                            "match_confidence":  1.0,
                                            "psgc_type":  "barangay",
                                            "match_method":  "fuzzy",
                                            "sga_member":  false
                                        },
                         "geometry":  {
                                          "type":  "Polygon",
                                          "coordinates":  [
                                                              [
                                                                  [
                                                                      123.83182935000002,
                                                                      10.414827568000021
                                                                  ],
                                                                  [
                                                                      123.86477637700011,
                                                                      10.405027906000043
                                                                  ],
                                                                  [
                                                                      123.85791023500008,
                                                                      10.389968585000076
                                                                  ],
                                                                  [
                                                                      123.80615635800007,
                                                                      10.378497183000036
                                                                  ],
                                                                  [
                                                                      123.83182935000002,
                                                                      10.414827568000021
                                                                  ]
                                                              ]
                                                          ]
                                      }
                     },
                     {
                         "type":  "Feature",
                         "properties":  {
                                            "ADM4_EN":  "Punta Princesa",
                                            "ADM4_PCODE":  "PH0702217062",
                                            "ADM4_REF":  null,
                                            "ADM3_EN":  "Cebu City (Capital)",
                                            "ADM3_PCODE":  "PH0702217",
                                            "ADM2_EN":  "Cebu",
                                            "ADM2_PCODE":  "PH07022",
                                            "ADM1_EN":  "Region VII (Central Visayas)",
                                            "ADM1_PCODE":  "PH07",
                                            "ADM0_EN":  "Philippines (the)",
                                            "ADM0_PCODE":  "PH",
                                            "date":  "2022-11-09",
                                            "validOn":  "2023-11-06",
                                            "validTo":  null,
                                            "Shape_Leng":  0.051166171319,
                                            "Shape_Area":  0.000105392868758,
                                            "AREA_SQKM":  1.27694697069,
                                            "psgc_id":  "PH0730600062",
                                            "psgc_code":  "0730600062",
                                            "psgc_name":  "Punta Princesa",
                                            "psgc_status":  "fuzzy",
                                            "match_confidence":  1.0,
                                            "psgc_type":  "barangay",
                                            "match_method":  "fuzzy",
                                            "sga_member":  false
                                        },
                         "geometry":  {
                                          "type":  "Polygon",
                                          "coordinates":  [
                                                              [
                                                                  [
                                                                      123.87771943300004,
                                                                      10.299350533000052
                                                                  ],
                                                                  [
                                                                      123.87671041700003,
                                                                      10.292948624000076
                                                                  ],
                                                                  [
                                                                      123.85899359900009,
                                                                      10.296284852000042
                                                                  ],
                                                                  [
                                                                      123.863914356,
                                                                      10.298744966000072
                                                                  ],
                                                                  [
                                                                      123.87771943300004,
                                                                      10.299350533000052
                                                                  ]
                                                              ]
                                                          ]
                                      }
                     },
                     {
                         "type":  "Feature",
                         "properties":  {
                                            "ADM4_EN":  "Quiot Pardo",
                                            "ADM4_PCODE":  "PH0702217063",
                                            "ADM4_REF":  null,
                                            "ADM3_EN":  "Cebu City (Capital)",
                                            "ADM3_PCODE":  "PH0702217",
                                            "ADM2_EN":  "Cebu",
                                            "ADM2_PCODE":  "PH07022",
                                            "ADM1_EN":  "Region VII (Central Visayas)",
                                            "ADM1_PCODE":  "PH07",
                                            "ADM0_EN":  "Philippines (the)",
                                            "ADM0_PCODE":  "PH",
                                            "date":  "2022-11-09",
                                            "validOn":  "2023-11-06",
                                            "validTo":  null,
                                            "Shape_Leng":  0.0371159199754,
                                            "Shape_Area":  6.28390555721E-05,
                                            "AREA_SQKM":  0.761372826897,
                                            "psgc_id":  "PH0730600053",
                                            "psgc_code":  "0730600053",
                                            "psgc_name":  "Pardo",
                                            "psgc_status":  "fuzzy",
                                            "match_confidence":  1.0,
                                            "psgc_type":  "barangay",
                                            "match_method":  "fuzzy",
                                            "sga_member":  false
                                        },
                         "geometry":  {
                                          "type":  "Polygon",
                                          "coordinates":  [
                                                              [
                                                                  [
                                                                      123.85200482900007,
                                                                      10.293130861000066
                                                                  ],
                                                                  [
                                                                      123.86150921600006,
                                                                      10.288866389000077
                                                                  ],
                                                                  [
                                                                      123.85985097800005,
                                                                      10.284696656000051
                                                                  ],
                                                                  [
                                                                      123.85200482900007,
                                                                      10.293130861000066
                                                                  ]
                                                              ]
                                                          ]
                                      }
                     },
                     {
                         "type":  "Feature",
                         "properties":  {
                                            "ADM4_EN":  "Sambag I (Pob.)",
                                            "ADM4_PCODE":  "PH0702217064",
                                            "ADM4_REF":  null,
                                            "ADM3_EN":  "Cebu City (Capital)",
                                            "ADM3_PCODE":  "PH0702217",
                                            "ADM2_EN":  "Cebu",
                                            "ADM2_PCODE":  "PH07022",
                                            "ADM1_EN":  "Region VII (Central Visayas)",
                                            "ADM1_PCODE":  "PH07",
                                            "ADM0_EN":  "Philippines (the)",
                                            "ADM0_PCODE":  "PH",
                                            "date":  "2022-11-09",
                                            "validOn":  "2023-11-06",
                                            "validTo":  null,
                                            "Shape_Leng":  0.0273023132546,
                                            "Shape_Area":  4.26099923763E-05,
                                            "AREA_SQKM":  0.516257140951,
                                            "psgc_id":  "PH0730600064",
                                            "psgc_code":  "0730600064",
                                            "psgc_name":  "Sambag I",
                                            "psgc_status":  "fuzzy",
                                            "match_confidence":  1.0,
                                            "psgc_type":  "barangay",
                                            "match_method":  "fuzzy",
                                            "sga_member":  false
                                        },
                         "geometry":  {
                                          "type":  "Polygon",
                                          "coordinates":  [
                                                              [
                                                                  [
                                                                      123.88747544500006,
                                                                      10.302484982000067
                                                                  ],
                                                                  [
                                                                      123.89525747700009,
                                                                      10.29876269500005
                                                                  ],
                                                                  [
                                                                      123.88698650100002,
                                                                      10.300397567000061
                                                                  ],
                                                                  [
                                                                      123.88747544500006,
                                                                      10.302484982000067
                                                                  ]
                                                              ]
                                                          ]
                                      }
                     },
                     {
                         "type":  "Feature",
                         "properties":  {
                                            "ADM4_EN":  "Sambag II (Pob.)",
                                            "ADM4_PCODE":  "PH0702217065",
                                            "ADM4_REF":  null,
                                            "ADM3_EN":  "Cebu City (Capital)",
                                            "ADM3_PCODE":  "PH0702217",
                                            "ADM2_EN":  "Cebu",
                                            "ADM2_PCODE":  "PH07022",
                                            "ADM1_EN":  "Region VII (Central Visayas)",
                                            "ADM1_PCODE":  "PH07",
                                            "ADM0_EN":  "Philippines (the)",
                                            "ADM0_PCODE":  "PH",
                                            "date":  "2022-11-09",
                                            "validOn":  "2023-11-06",
                                            "validTo":  null,
                                            "Shape_Leng":  0.0284382516709,
                                            "Shape_Area":  3.69288029211E-05,
                                            "AREA_SQKM":  0.447417676085,
                                            "psgc_id":  "PH0730600065",
                                            "psgc_code":  "0730600065",
                                            "psgc_name":  "Sambag II",
                                            "psgc_status":  "fuzzy",
                                            "match_confidence":  1.0,
                                            "psgc_type":  "barangay",
                                            "match_method":  "fuzzy",
                                            "sga_member":  false
                                        },
                         "geometry":  {
                                          "type":  "Polygon",
                                          "coordinates":  [
                                                              [
                                                                  [
                                                                      123.88787097600004,
                                                                      10.307362891000025
                                                                  ],
                                                                  [
                                                                      123.89531698600001,
                                                                      10.303805811000075
                                                                  ],
                                                                  [
                                                                      123.88729992700007,
                                                                      10.302604083000062
                                                                  ],
                                                                  [
                                                                      123.88787097600004,
                                                                      10.307362891000025
                                                                  ]
                                                              ]
                                                          ]
                                      }
                     },
                     {
                         "type":  "Feature",
                         "properties":  {
                                            "ADM4_EN":  "San Antonio (Pob.)",
                                            "ADM4_PCODE":  "PH0702217066",
                                            "ADM4_REF":  null,
                                            "ADM3_EN":  "Cebu City (Capital)",
                                            "ADM3_PCODE":  "PH0702217",
                                            "ADM2_EN":  "Cebu",
                                            "ADM2_PCODE":  "PH07022",
                                            "ADM1_EN":  "Region VII (Central Visayas)",
                                            "ADM1_PCODE":  "PH07",
                                            "ADM0_EN":  "Philippines (the)",
                                            "ADM0_PCODE":  "PH",
                                            "date":  "2022-11-09",
                                            "validOn":  "2023-11-06",
                                            "validTo":  null,
                                            "Shape_Leng":  0.0136131429367,
                                            "Shape_Area":  1.05927819824E-05,
                                            "AREA_SQKM":  0.128340400648,
                                            "psgc_id":  "PH0730600066",
                                            "psgc_code":  "0730600066",
                                            "psgc_name":  "San Antonio",
                                            "psgc_status":  "fuzzy",
                                            "match_confidence":  1.0,
                                            "psgc_type":  "barangay",
                                            "match_method":  "fuzzy",
                                            "sga_member":  false
                                        },
                         "geometry":  {
                                          "type":  "Polygon",
                                          "coordinates":  [
                                                              [
                                                                  [
                                                                      123.8959189090001,
                                                                      10.30213610800007
                                                                  ],
                                                                  [
                                                                      123.90085931900012,
                                                                      10.301633999000046
                                                                  ],
                                                                  [
                                                                      123.89683710500003,
                                                                      10.299551476000033
                                                                  ],
                                                                  [
                                                                      123.8959189090001,
                                                                      10.30213610800007
                                                                  ]
                                                              ]
                                                          ]
                                      }
                     },
                     {
                         "type":  "Feature",
                         "properties":  {
                                            "ADM4_EN":  "San Jose",
                                            "ADM4_PCODE":  "PH0702217067",
                                            "ADM4_REF":  null,
                                            "ADM3_EN":  "Cebu City (Capital)",
                                            "ADM3_PCODE":  "PH0702217",
                                            "ADM2_EN":  "Cebu",
                                            "ADM2_PCODE":  "PH07022",
                                            "ADM1_EN":  "Region VII (Central Visayas)",
                                            "ADM1_PCODE":  "PH07",
                                            "ADM0_EN":  "Philippines (the)",
                                            "ADM0_PCODE":  "PH",
                                            "date":  "2022-11-09",
                                            "validOn":  "2023-11-06",
                                            "validTo":  null,
                                            "Shape_Leng":  0.0711295415769,
                                            "Shape_Area":  0.000236888217474,
                                            "AREA_SQKM":  2.86939235103,
                                            "psgc_id":  "PH0730600067",
                                            "psgc_code":  "0730600067",
                                            "psgc_name":  "San Jose",
                                            "psgc_status":  "fuzzy",
                                            "match_confidence":  1.0,
                                            "psgc_type":  "barangay",
                                            "match_method":  "fuzzy",
                                            "sga_member":  false
                                        },
                         "geometry":  {
                                          "type":  "Polygon",
                                          "coordinates":  [
                                                              [
                                                                  [
                                                                      123.91733190600007,
                                                                      10.389104243000077
                                                                  ],
                                                                  [
                                                                      123.91062898500002,
                                                                      10.37070447900004
                                                                  ],
                                                                  [
                                                                      123.89610687200002,
                                                                      10.383936995000056
                                                                  ],
                                                                  [
                                                                      123.90632491100007,
                                                                      10.388070583000058
                                                                  ],
                                                                  [
                                                                      123.91733190600007,
                                                                      10.389104243000077
                                                                  ]
                                                              ]
                                                          ]
                                      }
                     },
                     {
                         "type":  "Feature",
                         "properties":  {
                                            "ADM4_EN":  "San Nicolas Central",
                                            "ADM4_PCODE":  "PH0702217068",
                                            "ADM4_REF":  null,
                                            "ADM3_EN":  "Cebu City (Capital)",
                                            "ADM3_PCODE":  "PH0702217",
                                            "ADM2_EN":  "Cebu",
                                            "ADM2_PCODE":  "PH07022",
                                            "ADM1_EN":  "Region VII (Central Visayas)",
                                            "ADM1_PCODE":  "PH07",
                                            "ADM0_EN":  "Philippines (the)",
                                            "ADM0_PCODE":  "PH",
                                            "date":  "2022-11-09",
                                            "validOn":  "2023-11-06",
                                            "validTo":  null,
                                            "Shape_Leng":  0.0238943999834,
                                            "Shape_Area":  2.31932224433E-05,
                                            "AREA_SQKM":  0.281010954244,
                                            "psgc_id":  "PH0730600022",
                                            "psgc_code":  "0730600022",
                                            "psgc_name":  "Central",
                                            "psgc_status":  "fuzzy",
                                            "match_confidence":  1.0,
                                            "psgc_type":  "barangay",
                                            "match_method":  "fuzzy",
                                            "sga_member":  false
                                        },
                         "geometry":  {
                                          "type":  "Polygon",
                                          "coordinates":  [
                                                              [
                                                                  [
                                                                      123.88506568900004,
                                                                      10.298050744000022
                                                                  ],
                                                                  [
                                                                      123.89185806000012,
                                                                      10.296160815000064
                                                                  ],
                                                                  [
                                                                      123.89240809700004,
                                                                      10.29255207500006
                                                                  ],
                                                                  [
                                                                      123.88700063800002,
                                                                      10.293179190000046
                                                                  ],
                                                                  [
                                                                      123.88506568900004,
                                                                      10.298050744000022
                                                                  ]
                                                              ]
                                                          ]
                                      }
                     },
                     {
                         "type":  "Feature",
                         "properties":  {
                                            "ADM4_EN":  "San Roque (Ciudad)",
                                            "ADM4_PCODE":  "PH0702217069",
                                            "ADM4_REF":  null,
                                            "ADM3_EN":  "Cebu City (Capital)",
                                            "ADM3_PCODE":  "PH0702217",
                                            "ADM2_EN":  "Cebu",
                                            "ADM2_PCODE":  "PH07022",
                                            "ADM1_EN":  "Region VII (Central Visayas)",
                                            "ADM1_PCODE":  "PH07",
                                            "ADM0_EN":  "Philippines (the)",
                                            "ADM0_PCODE":  "PH",
                                            "date":  "2022-11-09",
                                            "validOn":  "2023-11-06",
                                            "validTo":  null,
                                            "Shape_Leng":  0.0328605182372,
                                            "Shape_Area":  3.75565992626E-05,
                                            "AREA_SQKM":  0.455039685848,
                                            "psgc_id":  "PH0730600069",
                                            "psgc_code":  "0730600069",
                                            "psgc_name":  "San Roque",
                                            "psgc_status":  "fuzzy",
                                            "match_confidence":  1.0,
                                            "psgc_type":  "barangay",
                                            "match_method":  "fuzzy",
                                            "sga_member":  false
                                        },
                         "geometry":  {
                                          "type":  "Polygon",
                                          "coordinates":  [
                                                              [
                                                                  [
                                                                      123.90367221400004,
                                                                      10.295656198000074
                                                                  ],
                                                                  [
                                                                      123.91050716300003,
                                                                      10.294649822000054
                                                                  ],
                                                                  [
                                                                      123.9014954910001,
                                                                      10.290499883000052
                                                                  ],
                                                                  [
                                                                      123.90367221400004,
                                                                      10.295656198000074
                                                                  ]
                                                              ]
                                                          ]
                                      }
                     },
                     {
                         "type":  "Feature",
                         "properties":  {
                                            "ADM4_EN":  "Santa Cruz (Pob.)",
                                            "ADM4_PCODE":  "PH0702217070",
                                            "ADM4_REF":  null,
                                            "ADM3_EN":  "Cebu City (Capital)",
                                            "ADM3_PCODE":  "PH0702217",
                                            "ADM2_EN":  "Cebu",
                                            "ADM2_PCODE":  "PH07022",
                                            "ADM1_EN":  "Region VII (Central Visayas)",
                                            "ADM1_PCODE":  "PH07",
                                            "ADM0_EN":  "Philippines (the)",
                                            "ADM0_PCODE":  "PH",
                                            "date":  "2022-11-09",
                                            "validOn":  "2023-11-06",
                                            "validTo":  null,
                                            "Shape_Leng":  0.0215000428867,
                                            "Shape_Area":  1.89062764724E-05,
                                            "AREA_SQKM":  0.229062328431,
                                            "psgc_id":  "PH0730600070",
                                            "psgc_code":  "0730600070",
                                            "psgc_name":  "Santa Cruz",
                                            "psgc_status":  "fuzzy",
                                            "match_confidence":  1.0,
                                            "psgc_type":  "barangay",
                                            "match_method":  "fuzzy",
                                            "sga_member":  false
                                        },
                         "geometry":  {
                                          "type":  "Polygon",
                                          "coordinates":  [
                                                              [
                                                                  [
                                                                      123.8932499880001,
                                                                      10.309549065000056
                                                                  ],
                                                                  [
                                                                      123.89828156200008,
                                                                      10.30470052100003
                                                                  ],
                                                                  [
                                                                      123.8959189090001,
                                                                      10.30213610800007
                                                                  ],
                                                                  [
                                                                      123.8932499880001,
                                                                      10.309549065000056
                                                                  ]
                                                              ]
                                                          ]
                                      }
                     },
                     {
                         "type":  "Feature",
                         "properties":  {
                                            "ADM4_EN":  "Sawang Calero (Pob.)",
                                            "ADM4_PCODE":  "PH0702217071",
                                            "ADM4_REF":  null,
                                            "ADM3_EN":  "Cebu City (Capital)",
                                            "ADM3_PCODE":  "PH0702217",
                                            "ADM2_EN":  "Cebu",
                                            "ADM2_PCODE":  "PH07022",
                                            "ADM1_EN":  "Region VII (Central Visayas)",
                                            "ADM1_PCODE":  "PH07",
                                            "ADM0_EN":  "Philippines (the)",
                                            "ADM0_PCODE":  "PH",
                                            "date":  "2022-11-09",
                                            "validOn":  "2023-11-06",
                                            "validTo":  null,
                                            "Shape_Leng":  0.0326879461289,
                                            "Shape_Area":  2.00308964301E-05,
                                            "AREA_SQKM":  0.242699225272,
                                            "psgc_id":  "PH0730600071",
                                            "psgc_code":  "0730600071",
                                            "psgc_name":  "Sawang Calero",
                                            "psgc_status":  "fuzzy",
                                            "match_confidence":  1.0,
                                            "psgc_type":  "barangay",
                                            "match_method":  "fuzzy",
                                            "sga_member":  false
                                        },
                         "geometry":  {
                                          "type":  "Polygon",
                                          "coordinates":  [
                                                              [
                                                                  [
                                                                      123.88536567200003,
                                                                      10.289332665000074
                                                                  ],
                                                                  [
                                                                      123.89174102600009,
                                                                      10.290618701000028
                                                                  ],
                                                                  [
                                                                      123.89036268900009,
                                                                      10.285007983000071
                                                                  ],
                                                                  [
                                                                      123.88536567200003,
                                                                      10.289332665000074
                                                                  ]
                                                              ]
                                                          ]
                                      }
                     },
                     {
                         "type":  "Feature",
                         "properties":  {
                                            "ADM4_EN":  "Sinsin",
                                            "ADM4_PCODE":  "PH0702217073",
                                            "ADM4_REF":  null,
                                            "ADM3_EN":  "Cebu City (Capital)",
                                            "ADM3_PCODE":  "PH0702217",
                                            "ADM2_EN":  "Cebu",
                                            "ADM2_PCODE":  "PH07022",
                                            "ADM1_EN":  "Region VII (Central Visayas)",
                                            "ADM1_PCODE":  "PH07",
                                            "ADM0_EN":  "Philippines (the)",
                                            "ADM0_PCODE":  "PH",
                                            "date":  "2022-11-09",
                                            "validOn":  "2023-11-06",
                                            "validTo":  null,
                                            "Shape_Leng":  0.110436533,
                                            "Shape_Area":  0.000670462689378,
                                            "AREA_SQKM":  8.12206611464,
                                            "psgc_id":  "PH0730600073",
                                            "psgc_code":  "0730600073",
                                            "psgc_name":  "Sinsin",
                                            "psgc_status":  "fuzzy",
                                            "match_confidence":  1.0,
                                            "psgc_type":  "barangay",
                                            "match_method":  "fuzzy",
                                            "sga_member":  false
                                        },
                         "geometry":  {
                                          "type":  "Polygon",
                                          "coordinates":  [
                                                              [
                                                                  [
                                                                      123.77045034100001,
                                                                      10.361988495000048
                                                                  ],
                                                                  [
                                                                      123.79949790700005,
                                                                      10.356454528000029
                                                                  ],
                                                                  [
                                                                      123.80009824000001,
                                                                      10.349801220000074
                                                                  ],
                                                                  [
                                                                      123.7890121690001,
                                                                      10.329773672000044
                                                                  ],
                                                                  [
                                                                      123.77585622900006,
                                                                      10.327592970000069
                                                                  ],
                                                                  [
                                                                      123.77045034100001,
                                                                      10.361988495000048
                                                                  ]
                                                              ]
                                                          ]
                                      }
                     },
                     {
                         "type":  "Feature",
                         "properties":  {
                                            "ADM4_EN":  "Sirao",
                                            "ADM4_PCODE":  "PH0702217074",
                                            "ADM4_REF":  null,
                                            "ADM3_EN":  "Cebu City (Capital)",
                                            "ADM3_PCODE":  "PH0702217",
                                            "ADM2_EN":  "Cebu",
                                            "ADM2_PCODE":  "PH07022",
                                            "ADM1_EN":  "Region VII (Central Visayas)",
                                            "ADM1_PCODE":  "PH07",
                                            "ADM0_EN":  "Philippines (the)",
                                            "ADM0_PCODE":  "PH",
                                            "date":  "2022-11-09",
                                            "validOn":  "2023-11-06",
                                            "validTo":  null,
                                            "Shape_Leng":  0.105347986127,
                                            "Shape_Area":  0.000636123078499,
                                            "AREA_SQKM":  7.70456359618,
                                            "psgc_id":  "PH0730600074",
                                            "psgc_code":  "0730600074",
                                            "psgc_name":  "Sirao",
                                            "psgc_status":  "fuzzy",
                                            "match_confidence":  1.0,
                                            "psgc_type":  "barangay",
                                            "match_method":  "fuzzy",
                                            "sga_member":  false
                                        },
                         "geometry":  {
                                          "type":  "Polygon",
                                          "coordinates":  [
                                                              [
                                                                  [
                                                                      123.86775838300002,
                                                                      10.424175300000059
                                                                  ],
                                                                  [
                                                                      123.89525153700004,
                                                                      10.411338458000046
                                                                  ],
                                                                  [
                                                                      123.89319931500006,
                                                                      10.396435429000064
                                                                  ],
                                                                  [
                                                                      123.85768954200012,
                                                                      10.408749244000035
                                                                  ],
                                                                  [
                                                                      123.86775838300002,
                                                                      10.424175300000059
                                                                  ]
                                                              ]
                                                          ]
                                      }
                     },
                     {
                         "type":  "Feature",
                         "properties":  {
                                            "ADM4_EN":  "Suba Pob. (Suba San Nicolas)",
                                            "ADM4_PCODE":  "PH0702217075",
                                            "ADM4_REF":  null,
                                            "ADM3_EN":  "Cebu City (Capital)",
                                            "ADM3_PCODE":  "PH0702217",
                                            "ADM2_EN":  "Cebu",
                                            "ADM2_PCODE":  "PH07022",
                                            "ADM1_EN":  "Region VII (Central Visayas)",
                                            "ADM1_PCODE":  "PH07",
                                            "ADM0_EN":  "Philippines (the)",
                                            "ADM0_PCODE":  "PH",
                                            "date":  "2022-11-09",
                                            "validOn":  "2023-11-06",
                                            "validTo":  null,
                                            "Shape_Leng":  0.011800875878,
                                            "Shape_Area":  7.98053001457E-06,
                                            "AREA_SQKM":  0.0966939864925,
                                            "psgc_id":  "PH0730600075",
                                            "psgc_code":  "0730600075",
                                            "psgc_name":  "Suba Pob.",
                                            "psgc_status":  "fuzzy",
                                            "match_confidence":  1.0,
                                            "psgc_type":  "barangay",
                                            "match_method":  "fuzzy",
                                            "sga_member":  false
                                        },
                         "geometry":  {
                                          "type":  "Polygon",
                                          "coordinates":  [
                                                              [
                                                                  [
                                                                      123.89151390300003,
                                                                      10.292415929000072
                                                                  ],
                                                                  [
                                                                      123.89386326800002,
                                                                      10.289105198000073
                                                                  ],
                                                                  [
                                                                      123.89173434000008,
                                                                      10.289382544000034
                                                                  ],
                                                                  [
                                                                      123.89151390300003,
                                                                      10.292415929000072
                                                                  ]
                                                              ]
                                                          ]
                                      }
                     },
                     {
                         "type":  "Feature",
                         "properties":  {
                                            "ADM4_EN":  "Sudlon I",
                                            "ADM4_PCODE":  "PH0702217076",
                                            "ADM4_REF":  null,
                                            "ADM3_EN":  "Cebu City (Capital)",
                                            "ADM3_PCODE":  "PH0702217",
                                            "ADM2_EN":  "Cebu",
                                            "ADM2_PCODE":  "PH07022",
                                            "ADM1_EN":  "Region VII (Central Visayas)",
                                            "ADM1_PCODE":  "PH07",
                                            "ADM0_EN":  "Philippines (the)",
                                            "ADM0_PCODE":  "PH",
                                            "date":  "2022-11-09",
                                            "validOn":  "2023-11-06",
                                            "validTo":  null,
                                            "Shape_Leng":  0.0857930710467,
                                            "Shape_Area":  0.00026467734381,
                                            "AREA_SQKM":  3.20615473456,
                                            "psgc_id":  "PH0730600076",
                                            "psgc_code":  "0730600076",
                                            "psgc_name":  "Sudlon I",
                                            "psgc_status":  "fuzzy",
                                            "match_confidence":  1.0,
                                            "psgc_type":  "barangay",
                                            "match_method":  "fuzzy",
                                            "sga_member":  false
                                        },
                         "geometry":  {
                                          "type":  "Polygon",
                                          "coordinates":  [
                                                              [
                                                                  [
                                                                      123.77007639200008,
                                                                      10.373240708000026
                                                                  ],
                                                                  [
                                                                      123.80339788800006,
                                                                      10.365129705000072
                                                                  ],
                                                                  [
                                                                      123.79949790700005,
                                                                      10.356454528000029
                                                                  ],
                                                                  [
                                                                      123.77045034100001,
                                                                      10.361988495000048
                                                                  ],
                                                                  [
                                                                      123.77007639200008,
                                                                      10.373240708000026
                                                                  ]
                                                              ]
                                                          ]
                                      }
                     },
                     {
                         "type":  "Feature",
                         "properties":  {
                                            "ADM4_EN":  "Sapangdaku",
                                            "ADM4_PCODE":  "PH0702217077",
                                            "ADM4_REF":  null,
                                            "ADM3_EN":  "Cebu City (Capital)",
                                            "ADM3_PCODE":  "PH0702217",
                                            "ADM2_EN":  "Cebu",
                                            "ADM2_PCODE":  "PH07022",
                                            "ADM1_EN":  "Region VII (Central Visayas)",
                                            "ADM1_PCODE":  "PH07",
                                            "ADM0_EN":  "Philippines (the)",
                                            "ADM0_PCODE":  "PH",
                                            "date":  "2022-11-09",
                                            "validOn":  "2023-11-06",
                                            "validTo":  null,
                                            "Shape_Leng":  0.109775017862,
                                            "Shape_Area":  0.000692892123498,
                                            "AREA_SQKM":  8.39386951794,
                                            "psgc_id":  "PH0730600077",
                                            "psgc_code":  "0730600077",
                                            "psgc_name":  "Sapangdaku",
                                            "psgc_status":  "fuzzy",
                                            "match_confidence":  1.0,
                                            "psgc_type":  "barangay",
                                            "match_method":  "fuzzy",
                                            "sga_member":  false
                                        },
                         "geometry":  {
                                          "type":  "Polygon",
                                          "coordinates":  [
                                                              [
                                                                  [
                                                                      123.87656267200009,
                                                                      10.357106719000058
                                                                  ],
                                                                  [
                                                                      123.87688269900002,
                                                                      10.33136709400003
                                                                  ],
                                                                  [
                                                                      123.86156559300002,
                                                                      10.324278149000065
                                                                  ],
                                                                  [
                                                                      123.84823010200012,
                                                                      10.35413903500006
                                                                  ],
                                                                  [
                                                                      123.87656267200009,
                                                                      10.357106719000058
                                                                  ]
                                                              ]
                                                          ]
                                      }
                     },
                     {
                         "type":  "Feature",
                         "properties":  {
                                            "ADM4_EN":  "T. Padilla",
                                            "ADM4_PCODE":  "PH0702217078",
                                            "ADM4_REF":  null,
                                            "ADM3_EN":  "Cebu City (Capital)",
                                            "ADM3_PCODE":  "PH0702217",
                                            "ADM2_EN":  "Cebu",
                                            "ADM2_PCODE":  "PH07022",
                                            "ADM1_EN":  "Region VII (Central Visayas)",
                                            "ADM1_PCODE":  "PH07",
                                            "ADM0_EN":  "Philippines (the)",
                                            "ADM0_PCODE":  "PH",
                                            "date":  "2022-11-09",
                                            "validOn":  "2023-11-06",
                                            "validTo":  null,
                                            "Shape_Leng":  0.0158721942274,
                                            "Shape_Area":  1.36273784991E-05,
                                            "AREA_SQKM":  0.165106482488,
                                            "psgc_id":  "PH0730600078",
                                            "psgc_code":  "0730600078",
                                            "psgc_name":  "T. Padilla",
                                            "psgc_status":  "fuzzy",
                                            "match_confidence":  1.0,
                                            "psgc_type":  "barangay",
                                            "match_method":  "fuzzy",
                                            "sga_member":  false
                                        },
                         "geometry":  {
                                          "type":  "Polygon",
                                          "coordinates":  [
                                                              [
                                                                  [
                                                                      123.90356533700003,
                                                                      10.30400714700005
                                                                  ],
                                                                  [
                                                                      123.90643784400004,
                                                                      10.300264369000047
                                                                  ],
                                                                  [
                                                                      123.9038266550001,
                                                                      10.300284488000045
                                                                  ],
                                                                  [
                                                                      123.90356533700003,
                                                                      10.30400714700005
                                                                  ]
                                                              ]
                                                          ]
                                      }
                     },
                     {
                         "type":  "Feature",
                         "properties":  {
                                            "ADM4_EN":  "Tabunan",
                                            "ADM4_PCODE":  "PH0702217079",
                                            "ADM4_REF":  null,
                                            "ADM3_EN":  "Cebu City (Capital)",
                                            "ADM3_PCODE":  "PH0702217",
                                            "ADM2_EN":  "Cebu",
                                            "ADM2_PCODE":  "PH07022",
                                            "ADM1_EN":  "Region VII (Central Visayas)",
                                            "ADM1_PCODE":  "PH07",
                                            "ADM0_EN":  "Philippines (the)",
                                            "ADM0_PCODE":  "PH",
                                            "date":  "2022-11-09",
                                            "validOn":  "2023-11-06",
                                            "validTo":  null,
                                            "Shape_Leng":  0.176514945172,
                                            "Shape_Area":  0.0013096456987,
                                            "AREA_SQKM":  15.8615864293,
                                            "psgc_id":  "PH0730600079",
                                            "psgc_code":  "0730600079",
                                            "psgc_name":  "Tabunan",
                                            "psgc_status":  "fuzzy",
                                            "match_confidence":  1.0,
                                            "psgc_type":  "barangay",
                                            "match_method":  "fuzzy",
                                            "sga_member":  false
                                        },
                         "geometry":  {
                                          "type":  "Polygon",
                                          "coordinates":  [
                                                              [
                                                                  [
                                                                      123.8274477860001,
                                                                      10.446200612000041
                                                                  ],
                                                                  [
                                                                      123.8423505290001,
                                                                      10.429783433000068
                                                                  ],
                                                                  [
                                                                      123.82337593700004,
                                                                      10.401111617000026
                                                                  ],
                                                                  [
                                                                      123.81155741300006,
                                                                      10.392663167000023
                                                                  ],
                                                                  [
                                                                      123.80487307600004,
                                                                      10.407059051000033
                                                                  ],
                                                                  [
                                                                      123.78505352200011,
                                                                      10.407699230000048
                                                                  ],
                                                                  [
                                                                      123.79393806900009,
                                                                      10.410440451000056
                                                                  ],
                                                                  [
                                                                      123.80875481600003,
                                                                      10.436807692000059
                                                                  ],
                                                                  [
                                                                      123.8274477860001,
                                                                      10.446200612000041
                                                                  ]
                                                              ]
                                                          ]
                                      }
                     },
                     {
                         "type":  "Feature",
                         "properties":  {
                                            "ADM4_EN":  "Tagbao",
                                            "ADM4_PCODE":  "PH0702217080",
                                            "ADM4_REF":  null,
                                            "ADM3_EN":  "Cebu City (Capital)",
                                            "ADM3_PCODE":  "PH0702217",
                                            "ADM2_EN":  "Cebu",
                                            "ADM2_PCODE":  "PH07022",
                                            "ADM1_EN":  "Region VII (Central Visayas)",
                                            "ADM1_PCODE":  "PH07",
                                            "ADM0_EN":  "Philippines (the)",
                                            "ADM0_PCODE":  "PH",
                                            "date":  "2022-11-09",
                                            "validOn":  "2023-11-06",
                                            "validTo":  null,
                                            "Shape_Leng":  0.135330722643,
                                            "Shape_Area":  0.000869855678847,
                                            "AREA_SQKM":  10.5340584943,
                                            "psgc_id":  "PH0730600080",
                                            "psgc_code":  "0730600080",
                                            "psgc_name":  "Tagbao",
                                            "psgc_status":  "fuzzy",
                                            "match_confidence":  1.0,
                                            "psgc_type":  "barangay",
                                            "match_method":  "fuzzy",
                                            "sga_member":  false
                                        },
                         "geometry":  {
                                          "type":  "Polygon",
                                          "coordinates":  [
                                                              [
                                                                  [
                                                                      123.8693559410001,
                                                                      10.467286483000066
                                                                  ],
                                                                  [
                                                                      123.8423505290001,
                                                                      10.429783433000068
                                                                  ],
                                                                  [
                                                                      123.82719770100005,
                                                                      10.44646907200007
                                                                  ],
                                                                  [
                                                                      123.85644142400008,
                                                                      10.47573453900003
                                                                  ],
                                                                  [
                                                                      123.8693559410001,
                                                                      10.467286483000066
                                                                  ]
                                                              ]
                                                          ]
                                      }
                     },
                     {
                         "type":  "Feature",
                         "properties":  {
                                            "ADM4_EN":  "Talamban",
                                            "ADM4_PCODE":  "PH0702217081",
                                            "ADM4_REF":  null,
                                            "ADM3_EN":  "Cebu City (Capital)",
                                            "ADM3_PCODE":  "PH0702217",
                                            "ADM2_EN":  "Cebu",
                                            "ADM2_PCODE":  "PH07022",
                                            "ADM1_EN":  "Region VII (Central Visayas)",
                                            "ADM1_PCODE":  "PH07",
                                            "ADM0_EN":  "Philippines (the)",
                                            "ADM0_PCODE":  "PH",
                                            "date":  "2022-11-09",
                                            "validOn":  "2023-11-06",
                                            "validTo":  null,
                                            "Shape_Leng":  0.102575493231,
                                            "Shape_Area":  0.000382195299083,
                                            "AREA_SQKM":  4.62971016927,
                                            "psgc_id":  "PH0730600081",
                                            "psgc_code":  "0730600081",
                                            "psgc_name":  "Talamban",
                                            "psgc_status":  "fuzzy",
                                            "match_confidence":  1.0,
                                            "psgc_type":  "barangay",
                                            "match_method":  "fuzzy",
                                            "sga_member":  false
                                        },
                         "geometry":  {
                                          "type":  "Polygon",
                                          "coordinates":  [
                                                              [
                                                                  [
                                                                      123.9193683310001,
                                                                      10.380123290000029
                                                                  ],
                                                                  [
                                                                      123.92577062600003,
                                                                      10.36193750600006
                                                                  ],
                                                                  [
                                                                      123.90887256500002,
                                                                      10.351673878000042
                                                                  ],
                                                                  [
                                                                      123.9049144060001,
                                                                      10.372767244000045
                                                                  ],
                                                                  [
                                                                      123.9193683310001,
                                                                      10.380123290000029
                                                                  ]
                                                              ]
                                                          ]
                                      }
                     },
                     {
                         "type":  "Feature",
                         "properties":  {
                                            "ADM4_EN":  "Taptap",
                                            "ADM4_PCODE":  "PH0702217082",
                                            "ADM4_REF":  null,
                                            "ADM3_EN":  "Cebu City (Capital)",
                                            "ADM3_PCODE":  "PH0702217",
                                            "ADM2_EN":  "Cebu",
                                            "ADM2_PCODE":  "PH07022",
                                            "ADM1_EN":  "Region VII (Central Visayas)",
                                            "ADM1_PCODE":  "PH07",
                                            "ADM0_EN":  "Philippines (the)",
                                            "ADM0_PCODE":  "PH",
                                            "date":  "2022-11-09",
                                            "validOn":  "2023-11-06",
                                            "validTo":  null,
                                            "Shape_Leng":  0.1151472506,
                                            "Shape_Area":  0.000625051639461,
                                            "AREA_SQKM":  7.57018002155,
                                            "psgc_id":  "PH0730600082",
                                            "psgc_code":  "0730600082",
                                            "psgc_name":  "Taptap",
                                            "psgc_status":  "fuzzy",
                                            "match_confidence":  1.0,
                                            "psgc_type":  "barangay",
                                            "match_method":  "fuzzy",
                                            "sga_member":  false
                                        },
                         "geometry":  {
                                          "type":  "Polygon",
                                          "coordinates":  [
                                                              [
                                                                  [
                                                                      123.85191563100011,
                                                                      10.438859421000075
                                                                  ],
                                                                  [
                                                                      123.87087259000009,
                                                                      10.428014426000061
                                                                  ],
                                                                  [
                                                                      123.85449996000011,
                                                                      10.40530082400005
                                                                  ],
                                                                  [
                                                                      123.84845731700011,
                                                                      10.414630481000074
                                                                  ],
                                                                  [
                                                                      123.83182935000002,
                                                                      10.414827568000021
                                                                  ],
                                                                  [
                                                                      123.85191563100011,
                                                                      10.438859421000075
                                                                  ]
                                                              ]
                                                          ]
                                      }
                     },
                     {
                         "type":  "Feature",
                         "properties":  {
                                            "ADM4_EN":  "Tejero (Villa Gonzalo)",
                                            "ADM4_PCODE":  "PH0702217083",
                                            "ADM4_REF":  null,
                                            "ADM3_EN":  "Cebu City (Capital)",
                                            "ADM3_PCODE":  "PH0702217",
                                            "ADM2_EN":  "Cebu",
                                            "ADM2_PCODE":  "PH07022",
                                            "ADM1_EN":  "Region VII (Central Visayas)",
                                            "ADM1_PCODE":  "PH07",
                                            "ADM0_EN":  "Philippines (the)",
                                            "ADM0_PCODE":  "PH",
                                            "date":  "2022-11-09",
                                            "validOn":  "2023-11-06",
                                            "validTo":  null,
                                            "Shape_Leng":  0.0289201014689,
                                            "Shape_Area":  4.44397773515E-05,
                                            "AREA_SQKM":  0.538422372793,
                                            "psgc_id":  "PH0730600083",
                                            "psgc_code":  "0730600083",
                                            "psgc_name":  "Tejero",
                                            "psgc_status":  "fuzzy",
                                            "match_confidence":  1.0,
                                            "psgc_type":  "barangay",
                                            "match_method":  "fuzzy",
                                            "sga_member":  false
                                        },
                         "geometry":  {
                                          "type":  "Polygon",
                                          "coordinates":  [
                                                              [
                                                                  [
                                                                      123.90747418500007,
                                                                      10.307750659000021
                                                                  ],
                                                                  [
                                                                      123.91429223500006,
                                                                      10.30181121000004
                                                                  ],
                                                                  [
                                                                      123.91111952100005,
                                                                      10.298585978000062
                                                                  ],
                                                                  [
                                                                      123.90645447300005,
                                                                      10.300481114000036
                                                                  ],
                                                                  [
                                                                      123.90747418500007,
                                                                      10.307750659000021
                                                                  ]
                                                              ]
                                                          ]
                                      }
                     },
                     {
                         "type":  "Feature",
                         "properties":  {
                                            "ADM4_EN":  "Tinago",
                                            "ADM4_PCODE":  "PH0702217084",
                                            "ADM4_REF":  null,
                                            "ADM3_EN":  "Cebu City (Capital)",
                                            "ADM3_PCODE":  "PH0702217",
                                            "ADM2_EN":  "Cebu",
                                            "ADM2_PCODE":  "PH07022",
                                            "ADM1_EN":  "Region VII (Central Visayas)",
                                            "ADM1_PCODE":  "PH07",
                                            "ADM0_EN":  "Philippines (the)",
                                            "ADM0_PCODE":  "PH",
                                            "date":  "2022-11-09",
                                            "validOn":  "2023-11-06",
                                            "validTo":  null,
                                            "Shape_Leng":  0.0234284902015,
                                            "Shape_Area":  1.89669804999E-05,
                                            "AREA_SQKM":  0.229802930172,
                                            "psgc_id":  "PH0730600084",
                                            "psgc_code":  "0730600084",
                                            "psgc_name":  "Tinago",
                                            "psgc_status":  "fuzzy",
                                            "match_confidence":  1.0,
                                            "psgc_type":  "barangay",
                                            "match_method":  "fuzzy",
                                            "sga_member":  false
                                        },
                         "geometry":  {
                                          "type":  "Polygon",
                                          "coordinates":  [
                                                              [
                                                                  [
                                                                      123.90380723200008,
                                                                      10.298774146000028
                                                                  ],
                                                                  [
                                                                      123.91007480400003,
                                                                      10.300048529000037
                                                                  ],
                                                                  [
                                                                      123.91166702600003,
                                                                      10.296759904000055
                                                                  ],
                                                                  [
                                                                      123.90380723200008,
                                                                      10.298774146000028
                                                                  ]
                                                              ]
                                                          ]
                                      }
                     },
                     {
                         "type":  "Feature",
                         "properties":  {
                                            "ADM4_EN":  "Tisa",
                                            "ADM4_PCODE":  "PH0702217085",
                                            "ADM4_REF":  null,
                                            "ADM3_EN":  "Cebu City (Capital)",
                                            "ADM3_PCODE":  "PH0702217",
                                            "ADM2_EN":  "Cebu",
                                            "ADM2_PCODE":  "PH07022",
                                            "ADM1_EN":  "Region VII (Central Visayas)",
                                            "ADM1_PCODE":  "PH07",
                                            "ADM0_EN":  "Philippines (the)",
                                            "ADM0_PCODE":  "PH",
                                            "date":  "2022-11-09",
                                            "validOn":  "2023-11-06",
                                            "validTo":  null,
                                            "Shape_Leng":  0.076316214981,
                                            "Shape_Area":  0.000201066294206,
                                            "AREA_SQKM":  2.43605649009,
                                            "psgc_id":  "PH0730600085",
                                            "psgc_code":  "0730600085",
                                            "psgc_name":  "Tisa",
                                            "psgc_status":  "fuzzy",
                                            "match_confidence":  1.0,
                                            "psgc_type":  "barangay",
                                            "match_method":  "fuzzy",
                                            "sga_member":  false
                                        },
                         "geometry":  {
                                          "type":  "Polygon",
                                          "coordinates":  [
                                                              [
                                                                  [
                                                                      123.85353184500002,
                                                                      10.31344660800005
                                                                  ],
                                                                  [
                                                                      123.87524809700005,
                                                                      10.308079465000048
                                                                  ],
                                                                  [
                                                                      123.8776473470001,
                                                                      10.299386576000074
                                                                  ],
                                                                  [
                                                                      123.86409605500012,
                                                                      10.298583456000074
                                                                  ],
                                                                  [
                                                                      123.85353184500002,
                                                                      10.31344660800005
                                                                  ]
                                                              ]
                                                          ]
                                      }
                     },
                     {
                         "type":  "Feature",
                         "properties":  {
                                            "ADM4_EN":  "To-ong Pardo",
                                            "ADM4_PCODE":  "PH0702217086",
                                            "ADM4_REF":  null,
                                            "ADM3_EN":  "Cebu City (Capital)",
                                            "ADM3_PCODE":  "PH0702217",
                                            "ADM2_EN":  "Cebu",
                                            "ADM2_PCODE":  "PH07022",
                                            "ADM1_EN":  "Region VII (Central Visayas)",
                                            "ADM1_PCODE":  "PH07",
                                            "ADM0_EN":  "Philippines (the)",
                                            "ADM0_PCODE":  "PH",
                                            "date":  "2022-11-09",
                                            "validOn":  "2023-11-06",
                                            "validTo":  null,
                                            "Shape_Leng":  0.0966696158366,
                                            "Shape_Area":  0.000562480950735,
                                            "AREA_SQKM":  6.81461526596,
                                            "psgc_id":  "PH0730600053",
                                            "psgc_code":  "0730600053",
                                            "psgc_name":  "Pardo",
                                            "psgc_status":  "fuzzy",
                                            "match_confidence":  1.0,
                                            "psgc_type":  "barangay",
                                            "match_method":  "fuzzy",
                                            "sga_member":  false
                                        },
                         "geometry":  {
                                          "type":  "Polygon",
                                          "coordinates":  [
                                                              [
                                                                  [
                                                                      123.83188517300005,
                                                                      10.330806240000072
                                                                  ],
                                                                  [
                                                                      123.84256370300011,
                                                                      10.306891028000052
                                                                  ],
                                                                  [
                                                                      123.82529932200009,
                                                                      10.298974650000048
                                                                  ],
                                                                  [
                                                                      123.81647217500006,
                                                                      10.328072054000074
                                                                  ],
                                                                  [
                                                                      123.83188517300005,
                                                                      10.330806240000072
                                                                  ]
                                                              ]
                                                          ]
                                      }
                     },
                     {
                         "type":  "Feature",
                         "properties":  {
                                            "ADM4_EN":  "Zapatera",
                                            "ADM4_PCODE":  "PH0702217087",
                                            "ADM4_REF":  null,
                                            "ADM3_EN":  "Cebu City (Capital)",
                                            "ADM3_PCODE":  "PH0702217",
                                            "ADM2_EN":  "Cebu",
                                            "ADM2_PCODE":  "PH07022",
                                            "ADM1_EN":  "Region VII (Central Visayas)",
                                            "ADM1_PCODE":  "PH07",
                                            "ADM0_EN":  "Philippines (the)",
                                            "ADM0_PCODE":  "PH",
                                            "date":  "2022-11-09",
                                            "validOn":  "2023-11-06",
                                            "validTo":  null,
                                            "Shape_Leng":  0.0266923629229,
                                            "Shape_Area":  2.77010695261E-05,
                                            "AREA_SQKM":  0.335615571885,
                                            "psgc_id":  "PH0730600087",
                                            "psgc_code":  "0730600087",
                                            "psgc_name":  "Zapatera",
                                            "psgc_status":  "fuzzy",
                                            "match_confidence":  1.0,
                                            "psgc_type":  "barangay",
                                            "match_method":  "fuzzy",
                                            "sga_member":  false
                                        },
                         "geometry":  {
                                          "type":  "Polygon",
                                          "coordinates":  [
                                                              [
                                                                  [
                                                                      123.90014009000004,
                                                                      10.30340232900005
                                                                  ],
                                                                  [
                                                                      123.90396130400006,
                                                                      10.310672991000047
                                                                  ],
                                                                  [
                                                                      123.90226060100008,
                                                                      10.302046596000025
                                                                  ],
                                                                  [
                                                                      123.90014009000004,
                                                                      10.30340232900005
                                                                  ]
                                                              ]
                                                          ]
                                      }
                     },
                     {
                         "type":  "Feature",
                         "properties":  {
                                            "ADM4_EN":  "Sudlon II",
                                            "ADM4_PCODE":  "PH0702217088",
                                            "ADM4_REF":  null,
                                            "ADM3_EN":  "Cebu City (Capital)",
                                            "ADM3_PCODE":  "PH0702217",
                                            "ADM2_EN":  "Cebu",
                                            "ADM2_PCODE":  "PH07022",
                                            "ADM1_EN":  "Region VII (Central Visayas)",
                                            "ADM1_PCODE":  "PH07",
                                            "ADM0_EN":  "Philippines (the)",
                                            "ADM0_PCODE":  "PH",
                                            "date":  "2022-11-09",
                                            "validOn":  "2023-11-06",
                                            "validTo":  null,
                                            "Shape_Leng":  0.143393431738,
                                            "Shape_Area":  0.00133055185101,
                                            "AREA_SQKM":  16.1165008745,
                                            "psgc_id":  "PH0730600088",
                                            "psgc_code":  "0730600088",
                                            "psgc_name":  "Sudlon II",
                                            "psgc_status":  "fuzzy",
                                            "match_confidence":  1.0,
                                            "psgc_type":  "barangay",
                                            "match_method":  "fuzzy",
                                            "sga_member":  false
                                        },
                         "geometry":  {
                                          "type":  "Polygon",
                                          "coordinates":  [
                                                              [
                                                                  [
                                                                      123.80487307600004,
                                                                      10.407059051000033
                                                                  ],
                                                                  [
                                                                      123.81140121500005,
                                                                      10.373780238000052
                                                                  ],
                                                                  [
                                                                      123.80339788800006,
                                                                      10.365129705000072
                                                                  ],
                                                                  [
                                                                      123.77007639200008,
                                                                      10.373240708000026
                                                                  ],
                                                                  [
                                                                      123.769706788,
                                                                      10.386250587000063
                                                                  ],
                                                                  [
                                                                      123.78505352200011,
                                                                      10.407699230000048
                                                                  ],
                                                                  [
                                                                      123.80487307600004,
                                                                      10.407059051000033
                                                                  ]
                                                              ]
                                                          ]
                                      }
                     }
                 ]
}